-- MySQL dump 10.13  Distrib 5.7.31, for Linux (x86_64)
--
-- Host: localhost    Database: choim_development
-- ------------------------------------------------------
-- Server version	5.7.31

/*!40101 SET @OLD_CHARACTER_SET_CLIENT=@@CHARACTER_SET_CLIENT */;
/*!40101 SET @OLD_CHARACTER_SET_RESULTS=@@CHARACTER_SET_RESULTS */;
/*!40101 SET @OLD_COLLATION_CONNECTION=@@COLLATION_CONNECTION */;
/*!40101 SET NAMES utf8 */;
/*!40103 SET @OLD_TIME_ZONE=@@TIME_ZONE */;
/*!40103 SET TIME_ZONE='+00:00' */;
/*!40014 SET @OLD_UNIQUE_CHECKS=@@UNIQUE_CHECKS, UNIQUE_CHECKS=0 */;
/*!40014 SET @OLD_FOREIGN_KEY_CHECKS=@@FOREIGN_KEY_CHECKS, FOREIGN_KEY_CHECKS=0 */;
/*!40101 SET @OLD_SQL_MODE=@@SQL_MODE, SQL_MODE='NO_AUTO_VALUE_ON_ZERO' */;
/*!40111 SET @OLD_SQL_NOTES=@@SQL_NOTES, SQL_NOTES=0 */;

--
-- Table structure for table `actors`
--

DROP TABLE IF EXISTS `actors`;
/*!40101 SET @saved_cs_client     = @@character_set_client */;
/*!40101 SET character_set_client = utf8 */;
CREATE TABLE `actors` (
  `id` bigint(20) NOT NULL AUTO_INCREMENT,
  `name` varchar(255) DEFAULT NULL,
  `created_at` datetime NOT NULL,
  `updated_at` datetime NOT NULL,
  PRIMARY KEY (`id`)
) ENGINE=InnoDB AUTO_INCREMENT=142 DEFAULT CHARSET=utf8;
/*!40101 SET character_set_client = @saved_cs_client */;

--
-- Dumping data for table `actors`
--

LOCK TABLES `actors` WRITE;
/*!40000 ALTER TABLE `actors` DISABLE KEYS */;
INSERT INTO `actors` VALUES (1,'トビーマグワイア','2021-03-13 07:01:09','2021-03-13 07:01:09'),(2,'ウィレム・デフォー','2021-03-13 07:01:09','2021-03-13 07:01:09'),(3,'キルスティン・ダンスト','2021-03-13 07:01:09','2021-03-13 07:01:09'),(4,'ジェームズ・フランコ','2021-03-13 07:01:09','2021-03-13 07:01:09'),(5,'J・K・シモンズ','2021-03-13 07:01:09','2021-03-13 07:01:09'),(6,'クリフ・ロバートソン','2021-03-13 07:01:09','2021-03-13 07:01:09'),(7,'ローズマリー・ハリス','2021-03-13 07:01:09','2021-03-13 07:01:09'),(8,'ランディ・ポッフォ','2021-03-13 07:01:09','2021-03-13 07:01:09'),(9,'アルフレッド・モリナ','2021-03-13 07:01:09','2021-03-13 07:01:09'),(10,'トーマス・ヘイデン・チャーチ','2021-03-13 07:01:09','2021-03-13 07:01:09'),(11,'トファー・グレイス','2021-03-13 07:01:09','2021-03-13 07:01:09'),(12,'ブライス・ダラス・ハワード','2021-03-13 07:01:09','2021-03-13 07:01:09'),(13,'アンドリュー・ガーフィールド','2021-03-13 07:01:09','2021-03-13 07:01:09'),(14,'エマ・ストーン','2021-03-13 07:01:09','2021-03-13 07:01:09'),(15,'リス・エヴァンス','2021-03-13 07:01:09','2021-03-13 07:01:09'),(16,'デニス・リアリー','2021-03-13 07:01:09','2021-03-13 07:01:09'),(17,'マーティン・シーン','2021-03-13 07:01:09','2021-03-13 07:01:09'),(18,'サリー・フィールド','2021-03-13 07:01:09','2021-03-13 07:01:09'),(19,'ジェイミー・フォックス','2021-03-13 07:01:09','2021-03-13 07:01:09'),(20,'デイン・デハーン','2021-03-13 07:01:09','2021-03-13 07:01:09'),(21,'トム・ホランド','2021-03-13 07:01:09','2021-03-13 07:01:09'),(22,'マイケル・キートン','2021-03-13 07:01:09','2021-03-13 07:01:09'),(23,'ロバート・ダウニー・Jr','2021-03-13 07:01:09','2021-03-13 07:01:09'),(24,'マリサ・トメイ','2021-03-13 07:01:09','2021-03-13 07:01:09'),(25,'ジョン・ファブロー','2021-03-13 07:01:09','2021-03-13 07:01:09'),(26,'グウィネス・パルトロー','2021-03-13 07:01:09','2021-03-13 07:01:09'),(27,'ゼンデイヤ','2021-03-13 07:01:09','2021-03-13 07:01:09'),(28,'ジェイコブ・バタラン','2021-03-13 07:01:09','2021-03-13 07:01:09'),(29,'ジェイク・ギレンホール','2021-03-13 07:01:09','2021-03-13 07:01:09'),(30,'サミュエル・L・ジャクソン','2021-03-13 07:01:09','2021-03-13 07:01:09'),(31,'コビー・スマルダーズ','2021-03-13 07:01:09','2021-03-13 07:01:09'),(32,'リーアム・ニーソン','2021-03-13 07:01:09','2021-03-13 07:01:09'),(33,'ユアン・マクレガー','2021-03-13 07:01:09','2021-03-13 07:01:09'),(34,'ナタリー・ポートマン','2021-03-13 07:01:09','2021-03-13 07:01:09'),(35,'ジェイク・ロイド','2021-03-13 07:01:09','2021-03-13 07:01:09'),(36,'イアン・マクディアミッド','2021-03-13 07:01:09','2021-03-13 07:01:09'),(37,'ペルニラ・アウグスト','2021-03-13 07:01:09','2021-03-13 07:01:09'),(38,'ヒュー・クァーシー','2021-03-13 07:01:09','2021-03-13 07:01:09'),(39,'アンソニー・ダニエルズ','2021-03-13 07:01:09','2021-03-13 07:01:09'),(40,'ケニー・ベイカー','2021-03-13 07:01:09','2021-03-13 07:01:09'),(41,'ヘイデン・クリステンセン','2021-03-13 07:01:09','2021-03-13 07:01:09'),(42,'クリストファー・リー','2021-03-13 07:01:09','2021-03-13 07:01:09'),(43,'テムエラ・モリソン','2021-03-13 07:01:09','2021-03-13 07:01:09'),(44,'マーク・ハミル','2021-03-13 07:01:09','2021-03-13 07:01:09'),(45,'ハリソン・フォード','2021-03-13 07:01:09','2021-03-13 07:01:09'),(46,'キャリー・フィッシャー','2021-03-13 07:01:09','2021-03-13 07:01:09'),(47,'アレック・ギネス','2021-03-13 07:01:09','2021-03-13 07:01:09'),(48,'ピーター・カッシング','2021-03-13 07:01:09','2021-03-13 07:01:09'),(49,'ピーター・メイヒュー','2021-03-13 07:01:09','2021-03-13 07:01:09'),(50,'デイヴ・プラウズ','2021-03-13 07:01:09','2021-03-13 07:01:09'),(51,'ビリー・ディー・ウィリアムズ','2021-03-13 07:01:09','2021-03-13 07:01:09'),(52,'デイジー・リドリー','2021-03-13 07:01:09','2021-03-13 07:01:09'),(53,'オスカー・アイザック','2021-03-13 07:01:09','2021-03-13 07:01:09'),(54,'アダム・ドライバー','2021-03-13 07:01:09','2021-03-13 07:01:09'),(55,'ジョン・ボヤーガ','2021-03-13 07:01:09','2021-03-13 07:01:09'),(56,'アンディ・サーキス','2021-03-13 07:01:09','2021-03-13 07:01:09'),(57,'ドーナル・グリーソン','2021-03-13 07:01:09','2021-03-13 07:01:09'),(58,'ダニエル・ラドクリフ','2021-03-13 07:01:09','2021-03-13 07:01:09'),(59,'ルパート・グリント','2021-03-13 07:01:09','2021-03-13 07:01:09'),(60,'エマ・ワトソン','2021-03-13 07:01:09','2021-03-13 07:01:09'),(61,'リチャード・ハリス','2021-03-13 07:01:09','2021-03-13 07:01:09'),(62,'マギー・スミス','2021-03-13 07:01:09','2021-03-13 07:01:09'),(63,'アラン・リックマン','2021-03-13 07:01:09','2021-03-13 07:01:09'),(64,'イアン・ハート','2021-03-13 07:01:09','2021-03-30 03:55:23'),(65,'ロビー・コルトレーン','2021-03-13 07:01:09','2021-03-13 07:01:09'),(66,'リチャード・グリフィス','2021-03-13 07:01:09','2021-03-13 07:01:09'),(67,'リチャード・ハリス','2021-03-13 07:01:09','2021-03-13 07:01:09'),(68,'トム・フェルトン','2021-03-13 07:01:09','2021-03-13 07:01:09'),(69,'ゲイリー・オールドマン','2021-03-13 07:01:09','2021-03-13 07:01:09'),(70,'マイケル・ガンボン','2021-03-13 07:01:09','2021-03-13 07:01:09'),(71,'スターニスラフ・イワネフスキー','2021-03-13 07:01:09','2021-03-13 07:01:09'),(72,'ケイティ・ルング','2021-03-13 07:01:09','2021-03-13 07:01:09'),(73,'マシュー・ルイス','2021-03-13 07:01:09','2021-03-13 07:01:09'),(74,'ロバート・パティンソン','2021-03-13 07:01:09','2021-03-13 07:01:09'),(75,'ヘレナ・ボナム=カーター','2021-03-13 07:01:09','2021-03-13 07:01:09'),(76,'レイフ・ファインズ','2021-03-13 07:01:09','2021-03-13 07:01:09'),(77,'ブレンダン・グリーソン','2021-03-13 07:01:09','2021-03-13 07:01:09'),(78,'二宮和也','2021-03-20 08:10:41','2021-03-20 08:10:41'),(79,'黒木華','2021-03-20 08:11:02','2021-03-20 08:11:02'),(80,'菅田将輝','2021-03-20 08:11:44','2021-03-20 08:11:44'),(81,'風吹ジュン','2021-03-20 08:12:02','2021-03-20 08:12:02'),(82,'平田満','2021-03-20 08:12:19','2021-03-20 08:12:19'),(83,'渡辺真起子','2021-03-20 08:12:33','2021-03-20 08:12:33'),(84,'北村有起哉','2021-03-20 08:12:46','2021-03-20 08:12:46'),(85,'野波麻帆','2021-03-20 08:12:59','2021-03-20 08:12:59'),(86,'妻夫木聡','2021-03-20 08:13:15','2021-03-20 08:13:15'),(88,'有村架純','2021-03-29 11:04:58','2021-03-29 11:04:58'),(89,'清原果耶','2021-03-29 11:05:10','2021-03-29 11:05:10'),(90,'細田佳央太','2021-03-29 11:05:27','2021-03-29 11:05:27'),(91,'韓英恵','2021-03-29 11:05:38','2021-03-29 11:05:38'),(92,'中崎敏','2021-03-29 11:05:49','2021-03-29 11:05:49'),(93,'小久保寿人','2021-03-29 11:06:01','2021-03-29 11:06:01'),(94,'瀧内公美','2021-03-29 11:06:23','2021-03-29 11:06:23'),(95,'緒方恵美','2021-03-30 05:13:18','2021-03-30 05:13:18'),(96,'林原めぐみ','2021-03-30 05:14:34','2021-03-30 05:14:34'),(97,'宮村優子','2021-03-30 05:14:46','2021-03-30 05:14:46'),(98,'坂本真綾','2021-03-30 05:14:56','2021-03-30 05:14:56'),(99,'三石琴乃','2021-03-30 05:15:09','2021-03-30 05:15:09'),(100,'山口由里子','2021-03-30 05:15:23','2021-03-30 05:15:23'),(101,'石田彰','2021-03-30 05:15:35','2021-03-30 05:15:35'),(102,'大泉洋','2021-03-30 08:01:41','2021-03-30 08:01:41'),(103,'松岡茉優','2021-03-30 08:01:49','2021-03-30 08:01:49'),(104,'宮沢氷魚','2021-03-30 08:01:58','2021-03-30 08:01:58'),(105,'池田エライザ','2021-03-30 08:02:15','2021-03-30 08:02:15'),(106,'斎藤工','2021-03-30 08:02:37','2021-03-30 08:02:37'),(107,'中村倫也（中村友也）','2021-03-30 08:02:46','2021-03-30 08:02:46'),(108,'坪倉由幸','2021-03-30 08:02:54','2021-03-30 08:02:54'),(109,'和田聰宏','2021-03-30 08:03:03','2021-03-30 08:03:03'),(110,'ミラ・ジョヴォヴィッチ','2021-03-30 08:07:21','2021-03-30 08:07:21'),(111,'ミーガン・グッド','2021-03-30 08:07:28','2021-03-30 08:07:28'),(112,'ロン・パールマン','2021-03-30 08:07:36','2021-03-30 08:07:36'),(113,'ディエゴ・ボネータ','2021-03-30 08:07:43','2021-03-30 08:07:43'),(114,'トニー・ジャー','2021-03-30 08:07:53','2021-03-30 08:07:53'),(115,'ジャージョシュ・ヘルマン','2021-03-30 08:08:01','2021-03-30 08:08:01'),(116,'T.I.','2021-03-30 08:08:09','2021-03-30 08:08:09'),(117,'フランシス・マクドーマンド','2021-03-30 09:01:04','2021-03-30 09:01:04'),(118,'デヴィッド・ストラザーン','2021-03-30 09:01:15','2021-03-30 09:01:15'),(119,'リンダ・メイ','2021-03-30 09:01:22','2021-03-30 09:01:22'),(120,'Bob Wells','2021-03-30 09:01:29','2021-03-30 09:01:29'),(121,'Charlene Swankie','2021-03-30 09:01:37','2021-03-30 09:01:37'),(122,'スティーヴン・ユァン','2021-03-30 10:11:04','2021-03-30 10:11:04'),(123,'ハン・イェリ','2021-03-30 10:11:11','2021-03-30 10:11:11'),(124,'アラン・キム','2021-03-30 10:11:19','2021-03-30 10:11:19'),(125,'ネイル・ケイト・チョー','2021-03-30 10:11:28','2021-03-30 10:11:28'),(126,'ユン・ヨジョン','2021-03-30 10:11:36','2021-03-30 10:11:36'),(127,'ウィル・パットン','2021-03-30 10:11:52','2021-03-30 10:11:52'),(128,'成田凌','2021-03-30 10:21:29','2021-03-30 10:21:29'),(129,'大谷麻衣','2021-03-30 10:21:54','2021-03-30 10:21:54'),(130,'山谷花純','2021-03-30 10:22:05','2021-03-30 10:22:05'),(131,'倉悠貴','2021-03-30 10:22:18','2021-03-30 10:22:18'),(132,'泉里香','2021-03-30 10:22:25','2021-03-30 10:22:25'),(133,'小泉孝太郎','2021-03-30 10:22:33','2021-03-30 10:22:33'),(134,'クリス・エヴァンス','2021-04-02 09:17:00','2021-04-02 09:17:00'),(135,'マーク・ラファロ','2021-04-02 09:17:11','2021-04-02 09:17:11'),(136,'クリス・ヘムズワース','2021-04-02 09:17:21','2021-04-02 09:17:21'),(137,'スカーレット・ヨハンソン','2021-04-02 09:17:31','2021-04-02 09:17:31'),(138,'ジェレミー・レナー','2021-04-02 09:17:42','2021-04-02 09:17:42'),(139,'ジェームズ・スペイダー','2021-04-02 09:18:42','2021-04-02 09:18:42'),(140,'エリザベス・オルセン','2021-04-02 09:18:56','2021-04-02 09:18:56'),(141,'トム・ヒドルストン','2021-04-02 09:23:52','2021-04-02 09:23:52');
/*!40000 ALTER TABLE `actors` ENABLE KEYS */;
UNLOCK TABLES;

--
-- Table structure for table `ar_internal_metadata`
--

DROP TABLE IF EXISTS `ar_internal_metadata`;
/*!40101 SET @saved_cs_client     = @@character_set_client */;
/*!40101 SET character_set_client = utf8 */;
CREATE TABLE `ar_internal_metadata` (
  `key` varchar(255) NOT NULL,
  `value` varchar(255) DEFAULT NULL,
  `created_at` datetime NOT NULL,
  `updated_at` datetime NOT NULL,
  PRIMARY KEY (`key`)
) ENGINE=InnoDB DEFAULT CHARSET=utf8;
/*!40101 SET character_set_client = @saved_cs_client */;

--
-- Dumping data for table `ar_internal_metadata`
--

LOCK TABLES `ar_internal_metadata` WRITE;
/*!40000 ALTER TABLE `ar_internal_metadata` DISABLE KEYS */;
INSERT INTO `ar_internal_metadata` VALUES ('environment','development','2021-03-12 09:13:24','2021-03-12 09:13:24');
/*!40000 ALTER TABLE `ar_internal_metadata` ENABLE KEYS */;
UNLOCK TABLES;

--
-- Table structure for table `comments`
--

DROP TABLE IF EXISTS `comments`;
/*!40101 SET @saved_cs_client     = @@character_set_client */;
/*!40101 SET character_set_client = utf8 */;
CREATE TABLE `comments` (
  `id` bigint(20) NOT NULL AUTO_INCREMENT,
  `user_id` bigint(20) DEFAULT NULL,
  `movie_id` bigint(20) DEFAULT NULL,
  `comment` text,
  `created_at` datetime NOT NULL,
  `updated_at` datetime NOT NULL,
  `rate` float DEFAULT NULL,
  PRIMARY KEY (`id`),
  KEY `index_comments_on_user_id` (`user_id`),
  KEY `index_comments_on_movie_id` (`movie_id`)
) ENGINE=InnoDB AUTO_INCREMENT=12 DEFAULT CHARSET=utf8;
/*!40101 SET character_set_client = @saved_cs_client */;

--
-- Dumping data for table `comments`
--

LOCK TABLES `comments` WRITE;
/*!40000 ALTER TABLE `comments` DISABLE KEYS */;
INSERT INTO `comments` VALUES (2,2,16,'終わってしまった。\r\n1〜6を見直さずに観てしまったので、再び現れるキャラクター達の登場にそこまで感動出来なかったが、十分楽しかった！\r\n最後は希望が勝つ感じも好きな終わり方だった。','2021-03-13 05:10:13','2021-03-30 05:40:24',2.97625),(3,3,16,'終わってしまった。\r\n1〜6を見直さずに観てしまったので、再び現れるキャラクター達の登場にそこまで感動出来なかったが、十分楽しかった！\r\n最後は希望が勝つ感じも好きな終わり方だった。','2021-03-13 05:13:30','2021-03-30 04:58:37',2.67625),(4,1,7,'kfsfksaklfaspfl','2021-03-13 06:03:10','2021-03-15 04:17:32',3.5),(5,1,6,'iujkojnkm','2021-03-15 14:23:10','2021-03-15 14:23:10',3),(6,1,15,'kvfwdkcおsc','2021-03-16 05:24:08','2021-03-16 05:24:08',2.53625),(7,4,7,'えっ え〜…なんか…思ってたより怖い映画だった 少年少女のひと夏の青春ムービーだと思って騙された いや確かに少年少女のひと夏の青春ムービーだったんですが、色んなものを詰めすぎ エンドゲーム見た2日後に見る映画ではなかった…だってツタヤの返却期限が迫ってたから…\r\n自分たちの生活を脅かす奴らが宇宙やら異次元やらから現れるたびにヒーローが立ち上がり必ず世界を救ってきた、救われてきた、人々はずっとそんな状況下にいたから仕方ないのかもしれないけど、これまで戦ってきたヒーローを失ったばかりなのに、新しいヒーローが登場したらすぐカッコいい！ステキ！あのヒーローの名前は？ってなるの普通にショックだった ていうかこの世界におけるヒーローってファーストアベンジャーの登場時点で既にある意味エンタメ的存在なんだよね ここまで考えてそもそも私もエンタメとして彼らの戦いを楽しんで眺めてるじゃん、って気づいてヤ、ヤダ〜…になった 今更か？\r\nこれまでもCGが多用されてきた映画シリーズの作中で「これはCG映像です！」「これは本物の映像です！」「と見せかけてやっぱりCGです！」「そして今僕が身につけているこれはモーションキャプチャースーツです！」ってやってくるのヤバいし、「何が本当で何が嘘か君には見抜けるかなスパイダーマンくん」というのを散々やった締めで「ちなみにこれまで我々の作品をずっと見てきてくれた観客の皆さんはどうですか？」をやってくるのもヤバすぎて脳バグった 助けてください\r\n「大衆は新たなヒーローを求めている、次はお前の番だ」というラストも衝撃 トニー本人の 「私がアイアンマンだ」で始まったストーリーはジェイ・ジョナ・ジェイムソンの「スパイダーマンの正体はピーター・パーカーだ！」で締めくくられ、作品間の壁は壊され、世代交代の宣言と共に新章に突入する これを楽しみ！というよりどうしても恐ろしいと感じてしまうのはやっぱりピーターが高校生だからだと思う ずっと親愛なる隣人ではいられないのかな エンドゲームのラストを見ているときに「あ〜ファーフロムホームってそういう…」と思ったけど次は「ノーウェイホーム」か…','2021-03-24 09:28:05','2021-03-30 05:20:59',2.79625),(8,3,33,'心温まる家族の話！！\r\n今は気軽にスマホで写真が撮れる時代だけど、やっぱり現像されたものは特別だし、大切な思い出として残るなあと。\r\n\r\n\r\n政志の飄々として掴みどころがないけど人たらしで憎めない感じが二宮くんぴったりでした。\r\n妻夫木さんいいお兄ちゃんでした。あれだけ普通のいい人を演じられるのもすごい。\r\n黒木華ちゃんの役もすごい好きです！！\r\n菅田くんは言われなかったらわからないくらい完全にオーラを消し去って馴染んでて本当にすごい役者さんだなって思いました。\r\nこれだけアカデミー賞受賞者が集まってる映画なかなかないよね。すごすぎ。\r\n\r\n監督も言ってたけど、200万円のシーン好きです笑\r\nあと最後のオチも最高。浅田家らしい！','2021-03-30 05:08:33','2021-03-30 05:08:33',2.83313),(9,3,34,'就職など歳をとっていくにつれて大事なこと、好きなことの優先順位が下がってだんだん好きじゃなくなって、忘れていくのはしょうがないと思うけれど、出来るだけ忘れたくないなと思いたい。','2021-03-30 05:11:54','2021-03-30 05:11:54',4.49312),(10,3,29,'こんなにハマったアニメは初めて。\r\n見るごとに色んな解釈ができるようになるし、旧劇から新劇で庵野監督が精神的に落ち着いたことが伺えて良かった。笑\r\nシリーズ通して納得いく終わり方だったと思う。\r\nかと言って理解できないところ多々なので、はやくDVD出ないかな','2021-03-30 05:12:54','2021-03-30 05:12:54',4.81125),(11,4,4,'スパイダーマンも好きやったけど\r\nアメイジングスパイダーマンも好きやった！\r\nめっちゃ良い〜かっこいい！！','2021-03-30 05:21:37','2021-04-02 08:36:37',3.73344);
/*!40000 ALTER TABLE `comments` ENABLE KEYS */;
UNLOCK TABLES;

--
-- Table structure for table `directors`
--

DROP TABLE IF EXISTS `directors`;
/*!40101 SET @saved_cs_client     = @@character_set_client */;
/*!40101 SET character_set_client = utf8 */;
CREATE TABLE `directors` (
  `id` bigint(20) NOT NULL AUTO_INCREMENT,
  `name` varchar(255) DEFAULT NULL,
  `created_at` datetime NOT NULL,
  `updated_at` datetime NOT NULL,
  PRIMARY KEY (`id`)
) ENGINE=InnoDB AUTO_INCREMENT=31 DEFAULT CHARSET=utf8;
/*!40101 SET character_set_client = @saved_cs_client */;

--
-- Dumping data for table `directors`
--

LOCK TABLES `directors` WRITE;
/*!40000 ALTER TABLE `directors` DISABLE KEYS */;
INSERT INTO `directors` VALUES (1,'サム・ライミ','2021-03-13 07:01:09','2021-03-26 06:45:38'),(2,'マーク・ウェブ','2021-03-13 07:01:09','2021-03-13 07:01:09'),(3,'ジョン・ワッツ','2021-03-13 07:01:09','2021-03-13 07:01:09'),(4,'ジョージ・ルーカス','2021-03-13 07:01:09','2021-03-13 07:01:09'),(5,'アーヴィン・カーシュナー','2021-03-13 07:01:09','2021-03-13 07:01:09'),(6,'リチャード・マーカンド','2021-03-13 07:01:09','2021-03-13 07:01:09'),(7,'J・J・エイブラムス','2021-03-13 07:01:09','2021-03-13 07:01:09'),(8,'ライアン・ジョンソン','2021-03-13 07:01:09','2021-03-13 07:01:09'),(9,'クリス・コロンバス','2021-03-13 07:01:09','2021-03-13 07:01:09'),(10,'アルフォンソ・キュアロン','2021-03-13 07:01:09','2021-03-13 07:01:09'),(11,'マイク・ニューウェル','2021-03-13 07:01:09','2021-03-13 07:01:09'),(12,'デヴィッド・イェーツ','2021-03-13 07:01:09','2021-03-13 07:01:09'),(13,'ジョン・ファブロー','2021-03-13 07:01:09','2021-03-13 07:01:09'),(14,'ゴア・ヴァービンスキー','2021-03-13 07:01:09','2021-03-13 07:01:09'),(15,'マイケル・ベイ','2021-03-19 09:50:56','2021-03-19 09:50:56'),(17,'中野量太','2021-03-26 12:30:00','2021-03-26 12:30:00'),(18,'庵野秀明','2021-03-29 04:34:30','2021-03-29 04:34:30'),(19,'土井裕泰','2021-03-29 04:48:17','2021-03-29 04:48:17'),(20,'堀貴秀','2021-03-29 06:58:48','2021-03-29 06:58:48'),(21,'吉田大八','2021-03-30 08:01:01','2021-03-30 08:01:01'),(22,'ポール・W・S・アンダーソン','2021-03-30 08:04:49','2021-03-30 08:04:49'),(23,'クリストファー・ノーラン','2021-03-30 08:09:43','2021-03-30 08:09:43'),(24,'ティム・ストーリー','2021-03-30 08:15:57','2021-03-30 08:15:57'),(25,'フランソワ・オゾン','2021-03-30 08:29:11','2021-03-30 08:29:11'),(26,'クロエ・ジャオ ','2021-03-30 08:56:03','2021-03-30 08:56:03'),(28,'リー・アイザック・チョン','2021-03-30 09:44:06','2021-03-30 09:44:06'),(29,'前田弘二','2021-03-30 10:19:47','2021-03-30 10:19:47'),(30,'ジョス・ウェドン','2021-04-02 09:10:01','2021-04-02 09:10:01');
/*!40000 ALTER TABLE `directors` ENABLE KEYS */;
UNLOCK TABLES;

--
-- Table structure for table `favorites`
--

DROP TABLE IF EXISTS `favorites`;
/*!40101 SET @saved_cs_client     = @@character_set_client */;
/*!40101 SET character_set_client = utf8 */;
CREATE TABLE `favorites` (
  `id` bigint(20) NOT NULL AUTO_INCREMENT,
  `user_id` bigint(20) DEFAULT NULL,
  `comment_id` bigint(20) DEFAULT NULL,
  `created_at` datetime NOT NULL,
  `updated_at` datetime NOT NULL,
  PRIMARY KEY (`id`),
  KEY `index_favorites_on_user_id` (`user_id`),
  KEY `index_favorites_on_comment_id` (`comment_id`),
  CONSTRAINT `fk_rails_0cd6e8d6d4` FOREIGN KEY (`comment_id`) REFERENCES `comments` (`id`),
  CONSTRAINT `fk_rails_d15744e438` FOREIGN KEY (`user_id`) REFERENCES `users` (`id`)
) ENGINE=InnoDB AUTO_INCREMENT=10 DEFAULT CHARSET=utf8;
/*!40101 SET character_set_client = @saved_cs_client */;

--
-- Dumping data for table `favorites`
--

LOCK TABLES `favorites` WRITE;
/*!40000 ALTER TABLE `favorites` DISABLE KEYS */;
INSERT INTO `favorites` VALUES (1,3,2,'2021-03-30 04:35:13','2021-03-30 04:35:13'),(2,3,3,'2021-03-30 04:35:18','2021-03-30 04:35:18'),(4,4,9,'2021-03-30 05:37:20','2021-03-30 05:37:20'),(5,4,8,'2021-03-30 05:37:28','2021-03-30 05:37:28'),(6,4,2,'2021-03-30 05:37:35','2021-03-30 05:37:35'),(7,4,3,'2021-03-30 05:37:37','2021-03-30 05:37:37'),(8,2,3,'2021-03-30 05:40:38','2021-03-30 05:40:38'),(9,4,10,'2021-04-02 12:21:23','2021-04-02 12:21:23');
/*!40000 ALTER TABLE `favorites` ENABLE KEYS */;
UNLOCK TABLES;

--
-- Table structure for table `junles`
--

DROP TABLE IF EXISTS `junles`;
/*!40101 SET @saved_cs_client     = @@character_set_client */;
/*!40101 SET character_set_client = utf8 */;
CREATE TABLE `junles` (
  `id` bigint(20) NOT NULL AUTO_INCREMENT,
  `name` varchar(255) DEFAULT NULL,
  `created_at` datetime NOT NULL,
  `updated_at` datetime NOT NULL,
  PRIMARY KEY (`id`)
) ENGINE=InnoDB AUTO_INCREMENT=21 DEFAULT CHARSET=utf8;
/*!40101 SET character_set_client = @saved_cs_client */;

--
-- Dumping data for table `junles`
--

LOCK TABLES `junles` WRITE;
/*!40000 ALTER TABLE `junles` DISABLE KEYS */;
INSERT INTO `junles` VALUES (1,'アクション','2021-03-13 07:01:09','2021-03-13 07:01:09'),(2,'コメディ','2021-03-13 07:01:09','2021-03-13 07:01:09'),(3,'恋愛','2021-03-13 07:01:09','2021-03-13 07:01:09'),(4,'青春','2021-03-13 07:01:09','2021-03-13 07:01:09'),(5,'SF','2021-03-13 07:01:09','2021-03-13 07:01:09'),(6,'サスペンス','2021-03-13 07:01:09','2021-03-13 07:01:09'),(7,'ミステリー','2021-03-13 07:01:09','2021-03-13 07:01:09'),(8,'ミュージカル','2021-03-13 07:01:09','2021-03-13 07:01:09'),(9,'アドベンチャー','2021-03-13 07:01:09','2021-03-13 07:01:09'),(10,'冒険','2021-03-13 07:01:09','2021-03-13 07:01:09'),(11,'ファンタジー','2021-03-13 07:01:09','2021-03-13 07:01:09'),(12,'歴史','2021-03-13 07:01:09','2021-03-13 07:01:09'),(13,'戦争','2021-03-13 07:01:09','2021-03-13 07:01:09'),(14,'伝記','2021-03-13 07:01:09','2021-03-13 07:01:09'),(15,'パニック','2021-03-13 07:01:09','2021-03-13 07:01:09'),(16,'ファミリー','2021-03-13 07:01:09','2021-03-13 07:01:09'),(17,'スポーツ','2021-03-13 07:01:09','2021-03-13 07:01:09'),(18,'ホラー','2021-03-13 07:01:09','2021-03-13 07:01:09'),(19,'ドラマ','2021-03-13 07:01:09','2021-03-13 07:01:09'),(20,'アニメーション','2021-03-13 07:01:09','2021-03-13 07:01:09');
/*!40000 ALTER TABLE `junles` ENABLE KEYS */;
UNLOCK TABLES;

--
-- Table structure for table `movie_actors`
--

DROP TABLE IF EXISTS `movie_actors`;
/*!40101 SET @saved_cs_client     = @@character_set_client */;
/*!40101 SET character_set_client = utf8 */;
CREATE TABLE `movie_actors` (
  `id` bigint(20) NOT NULL AUTO_INCREMENT,
  `actor_id` bigint(20) DEFAULT NULL,
  `movie_id` bigint(20) DEFAULT NULL,
  `created_at` datetime NOT NULL,
  `updated_at` datetime NOT NULL,
  PRIMARY KEY (`id`),
  KEY `index_movie_actors_on_actor_id` (`actor_id`),
  KEY `index_movie_actors_on_movie_id` (`movie_id`),
  CONSTRAINT `fk_rails_0b4046e48d` FOREIGN KEY (`actor_id`) REFERENCES `actors` (`id`),
  CONSTRAINT `fk_rails_a2d0458e32` FOREIGN KEY (`movie_id`) REFERENCES `movies` (`id`)
) ENGINE=InnoDB AUTO_INCREMENT=329 DEFAULT CHARSET=utf8;
/*!40101 SET character_set_client = @saved_cs_client */;

--
-- Dumping data for table `movie_actors`
--

LOCK TABLES `movie_actors` WRITE;
/*!40000 ALTER TABLE `movie_actors` DISABLE KEYS */;
INSERT INTO `movie_actors` VALUES (1,1,1,'2021-03-13 07:01:09','2021-03-13 07:01:09'),(2,2,1,'2021-03-13 07:01:09','2021-03-13 07:01:09'),(3,3,1,'2021-03-13 07:01:09','2021-03-13 07:01:09'),(4,4,1,'2021-03-13 07:01:09','2021-03-13 07:01:09'),(5,5,1,'2021-03-13 07:01:09','2021-03-13 07:01:09'),(6,6,1,'2021-03-13 07:01:09','2021-03-13 07:01:09'),(7,7,1,'2021-03-13 07:01:09','2021-03-13 07:01:09'),(8,8,1,'2021-03-13 07:01:09','2021-03-13 07:01:09'),(9,1,2,'2021-03-13 07:01:09','2021-03-13 07:01:09'),(10,3,2,'2021-03-13 07:01:09','2021-03-13 07:01:09'),(11,9,2,'2021-03-13 07:01:09','2021-03-13 07:01:09'),(12,4,2,'2021-03-13 07:01:09','2021-03-13 07:01:09'),(13,7,2,'2021-03-13 07:01:09','2021-03-13 07:01:09'),(14,5,2,'2021-03-13 07:01:09','2021-03-13 07:01:09'),(15,1,3,'2021-03-13 07:01:09','2021-03-13 07:01:09'),(16,3,3,'2021-03-13 07:01:09','2021-03-13 07:01:09'),(17,4,3,'2021-03-13 07:01:09','2021-03-13 07:01:09'),(18,10,3,'2021-03-13 07:01:09','2021-03-13 07:01:09'),(19,11,3,'2021-03-13 07:01:09','2021-03-13 07:01:09'),(20,12,3,'2021-03-13 07:01:09','2021-03-13 07:01:09'),(21,7,3,'2021-03-13 07:01:09','2021-03-13 07:01:09'),(22,5,3,'2021-03-13 07:01:09','2021-03-13 07:01:09'),(23,13,4,'2021-03-13 07:01:09','2021-03-13 07:01:09'),(24,14,4,'2021-03-13 07:01:09','2021-03-13 07:01:09'),(25,15,4,'2021-03-13 07:01:09','2021-03-13 07:01:09'),(26,16,4,'2021-03-13 07:01:09','2021-03-13 07:01:09'),(27,17,4,'2021-03-13 07:01:09','2021-03-13 07:01:09'),(28,18,4,'2021-03-13 07:01:09','2021-03-13 07:01:09'),(29,13,5,'2021-03-13 07:01:09','2021-03-13 07:01:09'),(30,14,5,'2021-03-13 07:01:09','2021-03-13 07:01:09'),(31,18,5,'2021-03-13 07:01:09','2021-03-13 07:01:09'),(32,19,5,'2021-03-13 07:01:09','2021-03-13 07:01:09'),(33,20,5,'2021-03-13 07:01:09','2021-03-13 07:01:09'),(34,21,6,'2021-03-13 07:01:09','2021-03-13 07:01:09'),(35,22,6,'2021-03-13 07:01:09','2021-03-13 07:01:09'),(36,23,6,'2021-03-13 07:01:09','2021-03-13 07:01:09'),(37,24,6,'2021-03-13 07:01:09','2021-03-13 07:01:09'),(38,25,6,'2021-03-13 07:01:09','2021-03-13 07:01:09'),(39,26,6,'2021-03-13 07:01:09','2021-03-13 07:01:09'),(40,27,6,'2021-03-13 07:01:09','2021-03-13 07:01:09'),(41,28,6,'2021-03-13 07:01:09','2021-03-13 07:01:09'),(42,21,7,'2021-03-13 07:01:09','2021-03-13 07:01:09'),(43,27,7,'2021-03-13 07:01:09','2021-03-13 07:01:09'),(44,28,7,'2021-03-13 07:01:09','2021-03-13 07:01:09'),(45,29,7,'2021-03-13 07:01:09','2021-03-13 07:01:09'),(46,25,7,'2021-03-13 07:01:09','2021-03-13 07:01:09'),(47,30,7,'2021-03-13 07:01:10','2021-03-13 07:01:10'),(48,24,7,'2021-03-13 07:01:10','2021-03-13 07:01:10'),(49,31,7,'2021-03-13 07:01:10','2021-03-13 07:01:10'),(50,32,8,'2021-03-13 07:01:10','2021-03-13 07:01:10'),(51,33,8,'2021-03-13 07:01:10','2021-03-13 07:01:10'),(52,34,8,'2021-03-13 07:01:10','2021-03-13 07:01:10'),(53,35,8,'2021-03-13 07:01:10','2021-03-13 07:01:10'),(54,36,8,'2021-03-13 07:01:10','2021-03-13 07:01:10'),(55,37,8,'2021-03-13 07:01:10','2021-03-13 07:01:10'),(56,38,8,'2021-03-13 07:01:10','2021-03-13 07:01:10'),(57,39,8,'2021-03-13 07:01:10','2021-03-13 07:01:10'),(58,40,8,'2021-03-13 07:01:10','2021-03-13 07:01:10'),(59,33,9,'2021-03-13 07:01:10','2021-03-13 07:01:10'),(60,34,9,'2021-03-13 07:01:10','2021-03-13 07:01:10'),(61,41,9,'2021-03-13 07:01:10','2021-03-13 07:01:10'),(62,36,9,'2021-03-13 07:01:10','2021-03-13 07:01:10'),(63,37,9,'2021-03-13 07:01:10','2021-03-13 07:01:10'),(64,39,9,'2021-03-13 07:01:10','2021-03-13 07:01:10'),(65,30,9,'2021-03-13 07:01:10','2021-03-13 07:01:10'),(66,40,9,'2021-03-13 07:01:10','2021-03-13 07:01:10'),(67,33,10,'2021-03-13 07:01:10','2021-03-13 07:01:10'),(68,34,10,'2021-03-13 07:01:10','2021-03-13 07:01:10'),(69,41,10,'2021-03-13 07:01:10','2021-03-13 07:01:10'),(70,36,10,'2021-03-13 07:01:10','2021-03-13 07:01:10'),(71,30,10,'2021-03-13 07:01:10','2021-03-13 07:01:10'),(72,42,10,'2021-03-13 07:01:10','2021-03-13 07:01:10'),(73,39,10,'2021-03-13 07:01:10','2021-03-13 07:01:10'),(74,40,10,'2021-03-13 07:01:10','2021-03-13 07:01:10'),(75,43,10,'2021-03-13 07:01:10','2021-03-13 07:01:10'),(76,44,11,'2021-03-13 07:01:10','2021-03-13 07:01:10'),(77,45,11,'2021-03-13 07:01:10','2021-03-13 07:01:10'),(78,46,11,'2021-03-13 07:01:10','2021-03-13 07:01:10'),(79,47,11,'2021-03-13 07:01:10','2021-03-13 07:01:10'),(80,48,11,'2021-03-13 07:01:10','2021-03-13 07:01:10'),(81,39,11,'2021-03-13 07:01:10','2021-03-13 07:01:10'),(82,40,11,'2021-03-13 07:01:10','2021-03-13 07:01:10'),(83,49,11,'2021-03-13 07:01:10','2021-03-13 07:01:10'),(84,50,11,'2021-03-13 07:01:10','2021-03-13 07:01:10'),(85,44,12,'2021-03-13 07:01:10','2021-03-13 07:01:10'),(86,45,12,'2021-03-13 07:01:10','2021-03-13 07:01:10'),(87,46,12,'2021-03-13 07:01:10','2021-03-13 07:01:10'),(88,39,12,'2021-03-13 07:01:10','2021-03-13 07:01:10'),(89,51,12,'2021-03-13 07:01:10','2021-03-13 07:01:10'),(90,50,12,'2021-03-13 07:01:10','2021-03-13 07:01:10'),(91,49,12,'2021-03-13 07:01:10','2021-03-13 07:01:10'),(92,40,12,'2021-03-13 07:01:10','2021-03-13 07:01:10'),(93,44,13,'2021-03-13 07:01:10','2021-03-13 07:01:10'),(94,45,13,'2021-03-13 07:01:10','2021-03-13 07:01:10'),(95,46,13,'2021-03-13 07:01:10','2021-03-13 07:01:10'),(96,39,13,'2021-03-13 07:01:10','2021-03-13 07:01:10'),(97,40,13,'2021-03-13 07:01:10','2021-03-13 07:01:10'),(98,51,13,'2021-03-13 07:01:10','2021-03-13 07:01:10'),(99,47,13,'2021-03-13 07:01:10','2021-03-13 07:01:10'),(100,50,13,'2021-03-13 07:01:10','2021-03-13 07:01:10'),(101,49,13,'2021-03-13 07:01:10','2021-03-13 07:01:10'),(102,45,14,'2021-03-13 07:01:10','2021-03-13 07:01:10'),(103,52,14,'2021-03-13 07:01:10','2021-03-13 07:01:10'),(104,46,14,'2021-03-13 07:01:10','2021-03-13 07:01:10'),(105,44,14,'2021-03-13 07:01:10','2021-03-13 07:01:10'),(106,39,14,'2021-03-13 07:01:10','2021-03-13 07:01:10'),(107,49,14,'2021-03-13 07:01:10','2021-03-13 07:01:10'),(108,40,14,'2021-03-13 07:01:10','2021-03-13 07:01:10'),(109,53,14,'2021-03-13 07:01:10','2021-03-13 07:01:10'),(110,54,14,'2021-03-13 07:01:10','2021-03-13 07:01:10'),(111,55,14,'2021-03-13 07:01:10','2021-03-13 07:01:10'),(112,44,15,'2021-03-13 07:01:10','2021-03-13 07:01:10'),(113,46,15,'2021-03-13 07:01:10','2021-03-13 07:01:10'),(114,54,15,'2021-03-13 07:01:10','2021-03-13 07:01:10'),(115,55,15,'2021-03-13 07:01:10','2021-03-13 07:01:10'),(116,52,15,'2021-03-13 07:01:10','2021-03-13 07:01:10'),(117,53,15,'2021-03-13 07:01:10','2021-03-13 07:01:10'),(118,56,15,'2021-03-13 07:01:10','2021-03-13 07:01:10'),(119,57,15,'2021-03-13 07:01:10','2021-03-13 07:01:10'),(120,52,16,'2021-03-13 07:01:10','2021-03-13 07:01:10'),(121,46,16,'2021-03-13 07:01:10','2021-03-13 07:01:10'),(122,44,16,'2021-03-13 07:01:10','2021-03-13 07:01:10'),(123,54,16,'2021-03-13 07:01:10','2021-03-13 07:01:10'),(124,55,16,'2021-03-13 07:01:10','2021-03-13 07:01:10'),(125,53,16,'2021-03-13 07:01:10','2021-03-13 07:01:10'),(126,39,16,'2021-03-13 07:01:10','2021-03-13 07:01:10'),(127,57,16,'2021-03-13 07:01:10','2021-03-13 07:01:10'),(128,58,17,'2021-03-13 07:01:10','2021-03-13 07:01:10'),(129,59,17,'2021-03-13 07:01:10','2021-03-13 07:01:10'),(130,60,17,'2021-03-13 07:01:10','2021-03-13 07:01:10'),(131,61,17,'2021-03-13 07:01:10','2021-03-13 07:01:10'),(132,62,17,'2021-03-13 07:01:10','2021-03-13 07:01:10'),(133,63,17,'2021-03-13 07:01:10','2021-03-13 07:01:10'),(134,64,17,'2021-03-13 07:01:10','2021-03-13 07:01:10'),(135,65,17,'2021-03-13 07:01:10','2021-03-13 07:01:10'),(136,66,17,'2021-03-13 07:01:10','2021-03-13 07:01:10'),(137,67,17,'2021-03-13 07:01:10','2021-03-13 07:01:10'),(138,68,17,'2021-03-13 07:01:10','2021-03-13 07:01:10'),(139,58,18,'2021-03-13 07:01:10','2021-03-13 07:01:10'),(140,59,18,'2021-03-13 07:01:10','2021-03-13 07:01:10'),(141,60,18,'2021-03-13 07:01:10','2021-03-13 07:01:10'),(142,61,18,'2021-03-13 07:01:10','2021-03-13 07:01:10'),(143,62,18,'2021-03-13 07:01:10','2021-03-13 07:01:10'),(144,63,18,'2021-03-13 07:01:10','2021-03-13 07:01:10'),(145,65,18,'2021-03-13 07:01:10','2021-03-13 07:01:10'),(146,68,18,'2021-03-13 07:01:10','2021-03-13 07:01:10'),(147,58,19,'2021-03-13 07:01:10','2021-03-13 07:01:10'),(148,59,19,'2021-03-13 07:01:10','2021-03-13 07:01:10'),(149,60,19,'2021-03-13 07:01:10','2021-03-13 07:01:10'),(150,69,19,'2021-03-13 07:01:10','2021-03-13 07:01:10'),(151,65,19,'2021-03-13 07:01:10','2021-03-13 07:01:10'),(152,70,19,'2021-03-13 07:01:10','2021-03-13 07:01:10'),(153,66,19,'2021-03-13 07:01:10','2021-03-13 07:01:10'),(154,63,19,'2021-03-13 07:01:10','2021-03-13 07:01:10'),(155,62,19,'2021-03-13 07:01:10','2021-03-13 07:01:10'),(156,58,20,'2021-03-13 07:01:10','2021-03-13 07:01:10'),(157,59,20,'2021-03-13 07:01:10','2021-03-13 07:01:10'),(158,60,20,'2021-03-13 07:01:10','2021-03-13 07:01:10'),(159,68,20,'2021-03-13 07:01:10','2021-03-13 07:01:10'),(160,71,20,'2021-03-13 07:01:10','2021-03-13 07:01:10'),(161,72,20,'2021-03-13 07:01:10','2021-03-13 07:01:10'),(162,73,20,'2021-03-13 07:01:10','2021-03-13 07:01:10'),(163,74,20,'2021-03-13 07:01:10','2021-03-13 07:01:10'),(164,65,20,'2021-03-13 07:01:10','2021-03-13 07:01:10'),(165,58,21,'2021-03-13 07:01:10','2021-03-13 07:01:10'),(166,59,21,'2021-03-13 07:01:10','2021-03-13 07:01:10'),(167,60,21,'2021-03-13 07:01:10','2021-03-13 07:01:10'),(168,75,21,'2021-03-13 07:01:10','2021-03-13 07:01:10'),(169,65,21,'2021-03-13 07:01:10','2021-03-13 07:01:10'),(170,76,21,'2021-03-13 07:01:10','2021-03-13 07:01:10'),(171,77,21,'2021-03-13 07:01:10','2021-03-13 07:01:10'),(172,70,21,'2021-03-13 07:01:10','2021-03-13 07:01:10'),(173,66,21,'2021-03-13 07:01:10','2021-03-13 07:01:10'),(174,58,22,'2021-03-13 07:01:10','2021-03-13 07:01:10'),(175,59,22,'2021-03-13 07:01:10','2021-03-13 07:01:10'),(176,60,22,'2021-03-13 07:01:10','2021-03-13 07:01:10'),(177,75,22,'2021-03-13 07:01:10','2021-03-13 07:01:10'),(178,65,22,'2021-03-13 07:01:10','2021-03-13 07:01:10'),(179,70,22,'2021-03-13 07:01:10','2021-03-13 07:01:10'),(180,63,22,'2021-03-13 07:01:10','2021-03-13 07:01:10'),(181,62,22,'2021-03-13 07:01:10','2021-03-13 07:01:10'),(182,58,23,'2021-03-13 07:01:10','2021-03-13 07:01:10'),(183,59,23,'2021-03-13 07:01:10','2021-03-13 07:01:10'),(184,60,23,'2021-03-13 07:01:10','2021-03-13 07:01:10'),(185,75,23,'2021-03-13 07:01:10','2021-03-13 07:01:10'),(186,65,23,'2021-03-13 07:01:10','2021-03-13 07:01:10'),(187,68,23,'2021-03-13 07:01:10','2021-03-13 07:01:10'),(188,76,23,'2021-03-13 07:01:10','2021-03-13 07:01:10'),(189,77,23,'2021-03-13 07:01:10','2021-03-13 07:01:10'),(190,66,23,'2021-03-13 07:01:10','2021-03-13 07:01:10'),(191,58,24,'2021-03-13 07:01:10','2021-03-13 07:01:10'),(192,59,24,'2021-03-13 07:01:10','2021-03-13 07:01:10'),(193,60,24,'2021-03-13 07:01:10','2021-03-13 07:01:10'),(194,75,24,'2021-03-13 07:01:10','2021-03-13 07:01:10'),(195,65,24,'2021-03-13 07:01:10','2021-03-13 07:01:10'),(196,76,24,'2021-03-13 07:01:10','2021-03-13 07:01:10'),(197,70,24,'2021-03-13 07:01:10','2021-03-13 07:01:10'),(198,75,33,'2021-03-28 09:30:36','2021-03-29 04:45:57'),(199,75,33,'2021-03-28 09:30:36','2021-03-29 04:45:57'),(200,75,33,'2021-03-28 09:30:36','2021-03-29 04:45:57'),(201,75,33,'2021-03-28 09:30:36','2021-03-29 04:45:57'),(202,75,33,'2021-03-28 09:30:36','2021-03-29 04:45:57'),(203,75,33,'2021-03-28 09:30:36','2021-03-29 04:45:57'),(204,75,33,'2021-03-28 09:30:36','2021-03-29 04:45:57'),(205,75,33,'2021-03-28 09:30:36','2021-03-29 04:45:57'),(206,75,33,'2021-03-28 09:30:36','2021-03-29 04:45:57'),(216,78,33,'2021-03-29 05:10:18','2021-03-29 05:10:18'),(217,79,33,'2021-03-29 05:10:18','2021-03-29 05:10:18'),(218,80,33,'2021-03-29 05:10:18','2021-03-29 05:10:18'),(219,81,33,'2021-03-29 05:10:18','2021-03-29 05:10:18'),(220,82,33,'2021-03-29 05:10:18','2021-03-29 05:10:18'),(221,83,33,'2021-03-29 05:10:18','2021-03-29 05:10:18'),(222,84,33,'2021-03-29 05:10:18','2021-03-29 05:10:18'),(223,85,33,'2021-03-29 05:10:18','2021-03-29 05:10:18'),(224,86,33,'2021-03-29 05:10:18','2021-03-29 05:10:18'),(264,80,34,'2021-03-29 11:19:35','2021-03-29 11:19:35'),(265,88,34,'2021-03-29 11:20:42','2021-03-29 11:20:42'),(266,89,34,'2021-03-29 11:20:42','2021-03-29 11:20:42'),(267,90,34,'2021-03-29 11:20:42','2021-03-29 11:20:42'),(268,91,34,'2021-03-29 11:20:42','2021-03-29 11:20:42'),(269,92,34,'2021-03-29 11:20:42','2021-03-29 11:20:42'),(270,93,34,'2021-03-29 11:20:42','2021-03-29 11:20:42'),(271,94,34,'2021-03-29 11:20:42','2021-03-29 11:20:42'),(272,95,29,'2021-03-30 05:16:14','2021-03-30 05:16:14'),(273,96,29,'2021-03-30 05:16:14','2021-03-30 05:16:14'),(274,97,29,'2021-03-30 05:16:14','2021-03-30 05:16:14'),(275,98,29,'2021-03-30 05:16:14','2021-03-30 05:16:14'),(276,99,29,'2021-03-30 05:16:14','2021-03-30 05:16:14'),(277,100,29,'2021-03-30 05:16:14','2021-03-30 05:16:14'),(278,101,29,'2021-03-30 05:16:14','2021-03-30 05:16:14'),(279,102,30,'2021-03-30 08:03:30','2021-03-30 08:03:30'),(280,103,30,'2021-03-30 08:03:30','2021-03-30 08:03:30'),(281,104,30,'2021-03-30 08:03:30','2021-03-30 08:03:30'),(282,105,30,'2021-03-30 08:03:30','2021-03-30 08:03:30'),(283,106,30,'2021-03-30 08:03:30','2021-03-30 08:03:30'),(284,107,30,'2021-03-30 08:03:30','2021-03-30 08:03:30'),(285,108,30,'2021-03-30 08:03:30','2021-03-30 08:03:30'),(286,109,30,'2021-03-30 08:03:30','2021-03-30 08:03:30'),(287,110,31,'2021-03-30 08:08:24','2021-03-30 08:08:24'),(288,111,31,'2021-03-30 08:08:24','2021-03-30 08:08:24'),(289,112,31,'2021-03-30 08:08:24','2021-03-30 08:08:24'),(290,113,31,'2021-03-30 08:08:24','2021-03-30 08:08:24'),(291,114,31,'2021-03-30 08:08:24','2021-03-30 08:08:24'),(292,115,31,'2021-03-30 08:08:24','2021-03-30 08:08:24'),(293,116,31,'2021-03-30 08:08:24','2021-03-30 08:08:24'),(294,117,38,'2021-03-30 09:01:56','2021-03-30 09:01:56'),(295,118,38,'2021-03-30 09:01:56','2021-03-30 09:01:56'),(296,119,38,'2021-03-30 09:01:56','2021-03-30 09:01:56'),(297,120,38,'2021-03-30 09:01:56','2021-03-30 09:01:56'),(298,121,38,'2021-03-30 09:01:56','2021-03-30 09:01:56'),(299,122,40,'2021-03-30 10:12:09','2021-03-30 10:12:09'),(300,123,40,'2021-03-30 10:12:09','2021-03-30 10:12:09'),(301,124,40,'2021-03-30 10:12:09','2021-03-30 10:12:09'),(302,125,40,'2021-03-30 10:12:09','2021-03-30 10:12:09'),(303,126,40,'2021-03-30 10:12:09','2021-03-30 10:12:09'),(304,127,40,'2021-03-30 10:12:09','2021-03-30 10:12:09'),(305,89,41,'2021-03-30 10:22:54','2021-03-30 10:22:54'),(306,128,41,'2021-03-30 10:22:54','2021-03-30 10:22:54'),(307,129,41,'2021-03-30 10:22:54','2021-03-30 10:22:54'),(308,130,41,'2021-03-30 10:22:54','2021-03-30 10:22:54'),(309,131,41,'2021-03-30 10:22:54','2021-03-30 10:22:54'),(310,132,41,'2021-03-30 10:22:54','2021-03-30 10:22:54'),(311,133,41,'2021-03-30 10:22:54','2021-03-30 10:22:54'),(312,23,44,'2021-04-02 09:20:39','2021-04-02 09:20:39'),(313,30,44,'2021-04-02 09:20:39','2021-04-02 09:20:39'),(314,31,44,'2021-04-02 09:20:39','2021-04-02 09:20:39'),(315,134,44,'2021-04-02 09:20:39','2021-04-02 09:20:39'),(316,135,44,'2021-04-02 09:20:39','2021-04-02 09:20:39'),(317,136,44,'2021-04-02 09:20:39','2021-04-02 09:20:39'),(318,137,44,'2021-04-02 09:20:39','2021-04-02 09:20:39'),(319,138,44,'2021-04-02 09:20:39','2021-04-02 09:20:39'),(320,23,43,'2021-04-02 09:22:01','2021-04-02 09:22:01'),(321,30,43,'2021-04-02 09:22:01','2021-04-02 09:22:01'),(322,31,43,'2021-04-02 09:22:01','2021-04-02 09:22:01'),(323,134,43,'2021-04-02 09:22:01','2021-04-02 09:22:01'),(324,135,43,'2021-04-02 09:22:01','2021-04-02 09:22:01'),(325,136,43,'2021-04-02 09:22:01','2021-04-02 09:22:01'),(326,137,43,'2021-04-02 09:22:01','2021-04-02 09:22:01'),(327,138,43,'2021-04-02 09:22:01','2021-04-02 09:22:01'),(328,141,44,'2021-04-02 09:24:48','2021-04-02 09:24:48');
/*!40000 ALTER TABLE `movie_actors` ENABLE KEYS */;
UNLOCK TABLES;

--
-- Table structure for table `movie_directors`
--

DROP TABLE IF EXISTS `movie_directors`;
/*!40101 SET @saved_cs_client     = @@character_set_client */;
/*!40101 SET character_set_client = utf8 */;
CREATE TABLE `movie_directors` (
  `id` bigint(20) NOT NULL AUTO_INCREMENT,
  `movie_id` bigint(20) DEFAULT NULL,
  `director_id` bigint(20) DEFAULT NULL,
  `created_at` datetime NOT NULL,
  `updated_at` datetime NOT NULL,
  PRIMARY KEY (`id`),
  KEY `index_movie_directors_on_movie_id` (`movie_id`),
  KEY `index_movie_directors_on_director_id` (`director_id`),
  CONSTRAINT `fk_rails_141a9ec1f0` FOREIGN KEY (`director_id`) REFERENCES `directors` (`id`),
  CONSTRAINT `fk_rails_94f5f02833` FOREIGN KEY (`movie_id`) REFERENCES `movies` (`id`)
) ENGINE=InnoDB AUTO_INCREMENT=46 DEFAULT CHARSET=utf8;
/*!40101 SET character_set_client = @saved_cs_client */;

--
-- Dumping data for table `movie_directors`
--

LOCK TABLES `movie_directors` WRITE;
/*!40000 ALTER TABLE `movie_directors` DISABLE KEYS */;
INSERT INTO `movie_directors` VALUES (1,1,1,'2021-03-13 07:01:10','2021-03-13 07:01:10'),(2,2,1,'2021-03-13 07:01:10','2021-03-13 07:01:10'),(3,3,1,'2021-03-13 07:01:10','2021-03-13 07:01:10'),(4,4,2,'2021-03-13 07:01:10','2021-03-13 07:01:10'),(5,5,2,'2021-03-13 07:01:10','2021-03-13 07:01:10'),(6,6,3,'2021-03-13 07:01:10','2021-03-13 07:01:10'),(7,7,3,'2021-03-13 07:01:10','2021-03-13 07:01:10'),(8,8,4,'2021-03-13 07:01:10','2021-03-13 07:01:10'),(9,9,4,'2021-03-13 07:01:10','2021-03-13 07:01:10'),(10,10,4,'2021-03-13 07:01:10','2021-03-13 07:01:10'),(11,11,4,'2021-03-13 07:01:10','2021-03-13 07:01:10'),(12,12,5,'2021-03-13 07:01:10','2021-03-13 07:01:10'),(13,13,6,'2021-03-13 07:01:10','2021-03-13 07:01:10'),(14,14,7,'2021-03-13 07:01:10','2021-03-13 07:01:10'),(15,15,8,'2021-03-13 07:01:10','2021-03-13 07:01:10'),(16,16,7,'2021-03-13 07:01:10','2021-03-13 07:01:10'),(17,17,9,'2021-03-13 07:01:10','2021-03-13 07:01:10'),(18,18,9,'2021-03-13 07:01:10','2021-03-13 07:01:10'),(19,19,10,'2021-03-13 07:01:10','2021-03-13 07:01:10'),(20,20,11,'2021-03-13 07:01:10','2021-03-13 07:01:10'),(21,21,12,'2021-03-13 07:01:10','2021-03-13 07:01:10'),(22,22,12,'2021-03-13 07:01:10','2021-03-13 07:01:10'),(23,23,12,'2021-03-13 07:01:10','2021-03-13 07:01:10'),(24,24,12,'2021-03-13 07:01:10','2021-03-13 07:01:10'),(25,25,15,'2021-03-20 08:41:35','2021-03-20 08:41:35'),(26,33,15,'2021-03-28 05:10:16','2021-03-28 07:18:35'),(27,29,18,'2021-03-29 04:35:18','2021-03-29 04:35:18'),(28,34,19,'2021-03-29 04:52:30','2021-03-29 04:52:30'),(29,35,20,'2021-03-29 06:59:57','2021-03-29 06:59:57'),(30,30,21,'2021-03-30 08:01:20','2021-03-30 08:01:20'),(31,31,22,'2021-03-30 08:06:09','2021-03-30 08:06:09'),(32,32,23,'2021-03-30 08:11:23','2021-03-30 08:11:23'),(33,36,24,'2021-03-30 08:17:43','2021-03-30 08:17:43'),(35,38,25,'2021-03-30 08:38:48','2021-03-30 08:38:48'),(36,39,26,'2021-03-30 08:57:45','2021-03-30 08:57:45'),(37,40,28,'2021-03-30 09:45:17','2021-03-30 09:45:17'),(38,40,1,'2021-03-30 09:46:45','2021-03-30 09:46:45'),(39,41,29,'2021-03-30 10:21:04','2021-03-30 10:21:04'),(42,43,30,'2021-04-02 08:57:00','2021-04-02 09:10:28'),(43,43,30,'2021-04-02 09:09:19','2021-04-02 09:10:28'),(44,44,30,'2021-04-02 09:15:57','2021-04-02 09:15:57'),(45,45,28,'2021-04-02 12:50:14','2021-04-02 12:50:14');
/*!40000 ALTER TABLE `movie_directors` ENABLE KEYS */;
UNLOCK TABLES;

--
-- Table structure for table `movie_junles`
--

DROP TABLE IF EXISTS `movie_junles`;
/*!40101 SET @saved_cs_client     = @@character_set_client */;
/*!40101 SET character_set_client = utf8 */;
CREATE TABLE `movie_junles` (
  `id` bigint(20) NOT NULL AUTO_INCREMENT,
  `movie_id` bigint(20) DEFAULT NULL,
  `junle_id` bigint(20) DEFAULT NULL,
  `created_at` datetime NOT NULL,
  `updated_at` datetime NOT NULL,
  PRIMARY KEY (`id`),
  KEY `index_movie_junles_on_movie_id` (`movie_id`),
  KEY `index_movie_junles_on_junle_id` (`junle_id`),
  CONSTRAINT `fk_rails_2485c4d5a3` FOREIGN KEY (`junle_id`) REFERENCES `junles` (`id`),
  CONSTRAINT `fk_rails_5b3710a5ad` FOREIGN KEY (`movie_id`) REFERENCES `movies` (`id`)
) ENGINE=InnoDB AUTO_INCREMENT=43 DEFAULT CHARSET=utf8;
/*!40101 SET character_set_client = @saved_cs_client */;

--
-- Dumping data for table `movie_junles`
--

LOCK TABLES `movie_junles` WRITE;
/*!40000 ALTER TABLE `movie_junles` DISABLE KEYS */;
INSERT INTO `movie_junles` VALUES (1,1,1,'2021-03-13 07:01:10','2021-03-13 07:01:10'),(2,2,1,'2021-03-13 07:01:10','2021-03-13 07:01:10'),(3,3,1,'2021-03-13 07:01:10','2021-03-13 07:01:10'),(4,4,1,'2021-03-13 07:01:10','2021-03-13 07:01:10'),(5,5,1,'2021-03-13 07:01:10','2021-03-13 07:01:10'),(6,6,1,'2021-03-13 07:01:10','2021-03-13 07:01:10'),(7,7,19,'2021-03-13 07:01:10','2021-03-23 12:31:07'),(8,8,5,'2021-03-13 07:01:10','2021-03-13 07:01:10'),(9,9,5,'2021-03-13 07:01:10','2021-03-13 07:01:10'),(10,10,5,'2021-03-13 07:01:10','2021-03-13 07:01:10'),(11,11,5,'2021-03-13 07:01:10','2021-03-13 07:01:10'),(12,12,5,'2021-03-13 07:01:10','2021-03-13 07:01:10'),(13,13,5,'2021-03-13 07:01:10','2021-03-13 07:01:10'),(14,14,5,'2021-03-13 07:01:11','2021-03-13 07:01:11'),(15,15,5,'2021-03-13 07:01:11','2021-03-13 07:01:11'),(16,16,1,'2021-03-13 07:01:11','2021-03-23 12:30:04'),(17,17,11,'2021-03-13 07:01:11','2021-03-13 07:01:11'),(18,18,11,'2021-03-13 07:01:11','2021-03-13 07:01:11'),(19,19,11,'2021-03-13 07:01:11','2021-03-13 07:01:11'),(20,20,11,'2021-03-13 07:01:11','2021-03-13 07:01:11'),(21,21,11,'2021-03-13 07:01:11','2021-03-13 07:01:11'),(22,22,11,'2021-03-13 07:01:11','2021-03-13 07:01:11'),(23,23,11,'2021-03-13 07:01:11','2021-03-13 07:01:11'),(24,24,11,'2021-03-13 07:01:11','2021-03-13 07:01:11'),(26,25,1,'2021-03-20 08:39:33','2021-03-20 08:39:33'),(27,33,19,'2021-03-28 05:10:16','2021-03-28 05:10:16'),(28,29,19,'2021-03-29 04:33:10','2021-03-29 04:33:10'),(29,34,3,'2021-03-29 04:52:30','2021-03-29 04:52:30'),(30,35,20,'2021-03-29 06:59:57','2021-03-29 06:59:57'),(31,30,19,'2021-03-30 08:01:20','2021-03-30 08:01:20'),(32,31,1,'2021-03-30 08:06:09','2021-03-30 08:06:09'),(33,32,1,'2021-03-30 08:11:23','2021-03-30 08:11:23'),(34,36,20,'2021-03-30 08:17:43','2021-03-30 08:17:43'),(36,38,19,'2021-03-30 08:38:48','2021-03-30 08:38:48'),(37,39,19,'2021-03-30 08:57:45','2021-03-30 08:57:45'),(38,40,19,'2021-03-30 09:45:17','2021-03-30 09:45:17'),(39,40,3,'2021-03-30 09:46:45','2021-03-30 09:46:45'),(40,43,1,'2021-04-02 09:09:19','2021-04-02 09:09:19'),(41,44,1,'2021-04-02 09:15:57','2021-04-02 09:15:57'),(42,45,1,'2021-04-02 12:50:14','2021-04-02 12:50:14');
/*!40000 ALTER TABLE `movie_junles` ENABLE KEYS */;
UNLOCK TABLES;

--
-- Table structure for table `movies`
--

DROP TABLE IF EXISTS `movies`;
/*!40101 SET @saved_cs_client     = @@character_set_client */;
/*!40101 SET character_set_client = utf8 */;
CREATE TABLE `movies` (
  `id` bigint(20) NOT NULL AUTO_INCREMENT,
  `name` varchar(255) DEFAULT NULL,
  `open_house` date DEFAULT NULL,
  `running_time` int(11) DEFAULT NULL,
  `screen_writer` varchar(255) DEFAULT NULL,
  `summary` text,
  `image` varchar(255) DEFAULT NULL,
  `created_at` datetime NOT NULL,
  `updated_at` datetime NOT NULL,
  PRIMARY KEY (`id`)
) ENGINE=InnoDB AUTO_INCREMENT=46 DEFAULT CHARSET=utf8;
/*!40101 SET character_set_client = @saved_cs_client */;

--
-- Dumping data for table `movies`
--

LOCK TABLES `movies` WRITE;
/*!40000 ALTER TABLE `movies` DISABLE KEYS */;
INSERT INTO `movies` VALUES (1,'スパイダーマン','2002-05-11',121,'デヴィット・コープ','','spiderman.jpg','2021-03-13 07:01:09','2021-04-02 08:42:13'),(2,'スパイダーマン２','2002-07-10',127,'アルヴィン・サージェント','','Spiderman2-.jpg','2021-03-13 07:01:09','2021-04-02 08:41:52'),(3,'スパイダーマン３','2007-05-01',139,'サム・ライミ','ブラック・スパイダーマンとなったピーターは、その黒いスーツがもたらす新たなパワーに酔いしれ、怒りを制御することができない。 彼に何が起こったのか---? 慕っていた叔父を殺した犯人への復讐。 スパイダーマンを父の仇と信じ込む親友ハリーとの決闘。 未来を誓い合った恋人メリー・ジェーンとの心のすれ違い。 そこに現れるグウェンとの微妙な恋愛関係。 悲しき運命の連鎖が、彼を究極の戦いへと導く。 さらに新たな脅威ヴェノムがスパイダーマンに襲いかかる! 戦いは、ニュー・ゴブリン、サンドマンを巻き込み、熾烈さを増していく・・・・。','spiderman3.jpg','2021-03-13 07:01:09','2021-04-02 08:38:40'),(4,'アメイジングスパイダーマン','2012-06-30',136,'ジェームズ・ヴァンダービルト','ピーター・パーカーは、ちょっとサエナい高校生。正義感は強いが、女子にはモテない。両親は彼が幼いときに謎の失踪をとげ、以来ベンとメイの伯父夫婦に育てられてきた。ある日ピーターは父の消息を探るため、オズコープ社で遺伝子を研究するコナーズ博士を訪ね、実験中の蜘蛛にかまれてしまう。翌日、ピーターの人生は激変する。蜘蛛のように自由自在に動き回れるパワーとスピード、超感覚で危険を感知する“スパイダーセンス”を身につけたのだ。ピーターはその能力で悪と闘い、“スパイダーマン”と呼ばれるスーパーヒーローとなる。','amaizing-spiderman.jpg','2021-03-13 07:01:09','2021-04-02 08:35:53'),(5,'アメイジングスパイダーマン２','2014-04-25',142,'アレックス・カーツマン','スパイダーマンとしてニューヨークの平和を守り、ひとりの男性として恋人グウェンとの愛を育む、忙しくも充実した日々を送っていたピーター・パーカー。しかし、彼の旧友で巨大企業オズコープ社の御曹司であるハリー・オズボーンが街に戻ってきたことから、ピーターの生活は少しずつ狂い始める。一方、オズコープ社に勤める冴えない電気技師マックスは、感電事故に巻き込まれたことで、突如電撃を発する超人・エレクトロに変貌してしまう・・・！ 平凡な青年であることと、スパイダーマンとしての大いなる責任の間で葛藤してきたピーターに、更なる試練が襲い掛かる。','amaizing-spiderman2.jpg','2021-03-13 07:01:09','2021-04-02 08:29:47'),(6,'スパイダーマン ホームカミング','2017-08-11',133,'ジョン・フランシス・デイリー','ニューヨーク。15歳のピーター・パーカーはスパイダーマンだ。部活のノリで街を救う、ヒーロー気取りの高校生。そんなピーターの能力を見出し、真のヒーローとしての“道”へと導こうとするのがアイアンマンことトニー・スターク。スタークに新しいスーツまで作ってもらい興奮するピーターは、自分の力を認めてもらおうと街に飛び出す日々。そんなある日、巨大な翼で飛行する怪物が街に突如現れる。ピーターはここぞとばかり、ニューヨークの平和のために怪物退治に乗り出そうとするが、スタークに「アベンジャーズに任せておけ」と止められてしまう。「ガキ扱いは、ゴメンだ！」とピーターはその忠告を聞かずに戦いに挑むが―。','spiderman_homecomming.jpg','2021-03-13 07:01:09','2021-04-02 08:27:47'),(7,'スパイダーマン　ファーフロームホーム','2019-06-28',130,'クリス・マケナ','“ホーム”であるニューヨークを離れ、舞台はヨーロッパへ。ピーター（トム・ホランド）は親友のネッド（ジェイコブ・バタロン）やMJ（ゼンデイヤ）たちと2週間の夏休み旅行へ出かける。そこでピーターの前に突如現れるのは、S.H.I.E.L.D.の長官、ニック・フューリー（サミュエル・L・ジャクソン）だ。「出番だぞ。私と共に戦う覚悟はあるか？」とピーターに告げるが・・。','spiderman-far-from-home.jpg','2021-03-13 07:01:09','2021-04-02 08:26:46'),(8,'スターウォーズ ファントムメナス','1999-07-10',133,'ジョージ・ルーカス','遠い昔、はるかかなたの銀河系で繰り広げられる壮大な物語＜サーガ＞の第1章「スター・ウォーズ　エピソード1／ファントム・メナス」デジタルで登場。ジェダイ・マスターのクワイ＝ガン・ジンとその弟子オビ＝ワン・ケノービの二人は、平和な惑星ナブーの危機から女王パドメ・アミダラを救出する。その後惑星タトゥイーンへ立ち寄った二人は、9歳の少年アナキン・スカイウォーカーと出会い、その少年に特別な力＜フォース＞を感じとるのだが、その頃、謎の敵ダース・モールがジェダイ抹殺の為に動いていた…。','starwars-ep1jpg.jpg','2021-03-13 07:01:09','2021-04-02 08:43:38'),(9,'スターウォーズ クローンの攻撃','2002-07-13',142,'ジョナサン・ヘイルズ','アナキン・スカイウォーカーの成長と変化、そして戦いを描く「スター・ウォーズ　エピソード２／クローンの攻撃」デジタルで登場。惑星ナブーの戦いから10年後。アナキンはパドメ・アミダラが命を狙われた為護衛に付いていたが、お互いに惹かれ合う。一方、銀河共和国は、昔ジェダイであったドゥークー伯爵により新たな脅威にさらされていく。そして、オビ＝ワン・ケノービはある惑星で大量のクローンが製造されている光景を目にする。やがて、アナキンとパドメ、そしてオビ=ワンはクローン戦争に引き込まれていく。','starwars-ep2.jpg','2021-03-13 07:01:09','2021-04-02 08:39:04'),(10,'スターウォーズ　シスの復習','2005-07-09',141,'ジョージ・ルーカス','ダークサイドの強力な力を描く「スター・ウォーズ　エピソード３／シスの復讐」デジタルで登場。クローン大戦から数年、ジェダイはクローン軍を率いて、各地でドロイド軍と戦っていた。パルパティーン最高議長を拉致する事件が発生し、オビ＝ワン・ケノービとアナキン・スカイウォーカーが救出に向かい、アナキンの活躍で救出に成功する。しかし、アナキンはパドメとの秘かな愛とジェダイへの忠誠で悩み苦しむ。そしてシスのダークサイドへ誘惑されていくのであった。','starwars-ep3.png','2021-03-13 07:01:09','2021-04-02 08:40:24'),(11,'スターウォーズ　新たなる希望','1978-07-01',121,'ジョージ・ルーカス','ルーク・スカイウォーカーの銀河を巡る冒険がはじまる「スター・ウォーズ　エピソード４／新たなる希望」デジタルで登場。銀河帝国樹立から19年。砂漠の惑星タトゥイーンでルークは、長年隠れ住んでいたオビ=ワン・ケノービと出会い反乱軍の戦いに加わることを決意する。ダース・ベイダー率いる邪悪な帝国軍に捕らわれたレイア姫を救出するため、オビ=ワンは若きルークをジェダイへ導いていく。','starwars-ep1jpg.jpg','2021-03-13 07:01:09','2021-04-02 08:45:25'),(12,'スターウォーズ 帝国の逆襲','1980-06-28',124,'リー・ブラケット、ローレンス・カスダン','デス・スターを破壊された帝国軍は反乱軍を容赦なく追い続けていた。反乱軍が氷の惑星ホスから撤退すると、ルーク・スカイウォーカーは惑星ダゴバに行く。そこには隠れ暮らしていた伝説のジェダイ・マスターのヨーダがいたのだ。一方、ダース・ベイダーはベスピンのクラウド・シティで若きスカイウォーカーをダークサイドへ引き込もうと目論む。','starwars-ep2.jpg','2021-03-13 07:01:09','2021-04-02 08:45:05'),(13,'スターウォーズ ジェダイの帰還','1997-07-26',137,'ジョージ・ルーカス','壮大なるサーガのクライマックス、フォースの勝利を描く「スター・ウォーズ　エピソード６／ジェダイの帰還」デジタルで登場。帝国軍がより強力な第２デス・スターの建造を進めている中、反乱軍は総力を結集しデス・スターへ攻撃の準備を計画していた。一方、ルーク・スカイウォーカーは、邪悪な皇帝の前でダース・ベイダーとの最後の戦いに挑む。','starwars-ep3.png','2021-03-13 07:01:09','2021-04-02 08:44:11'),(14,'スターウォーズ　フォースの覚醒','2015-12-18',136,'j・j・エイブラムス','世界で愛され続けるSFアドベンチャー「スター・ウォーズ」シリーズの第7作目。『ジェダイの帰還』の30年後、帝国軍の残党「ファースト・オーダー」が台頭するなか、姿を消したとされる最後のジェダイ・ルークの手がかりを探す。','starwars-ep7.jpg','2021-03-13 07:01:09','2021-04-02 08:28:12'),(15,'スターウォーズ 最後のジェダイ','2017-12-15',152,'ライアン・ジョンソン','『スター・ウォーズ／フォースの覚醒』のその後を描く、誰も観たことのない衝撃の「スター・ウォーズ」。ついにフォ ースを覚醒させたレイと、ダース・ベイダーを継ごうとするカイロ・レン。伝説のジェダイ、ルーク・スカイウォーカーの出現は何をもたらすのか？そして、“光”と“闇”の間で揺れ動く二人を待ち受ける“衝撃の運命”とは？','starwars-ep8.jpg','2021-03-13 07:01:09','2021-04-02 08:27:20'),(16,'スターウォーズ スカイウォーカーの夜明け','2019-12-20',142,'j・j・エイブラムス','はるか彼方の銀河系で繰り広げられる、スカイウォーカー家を中心とした壮大な<サーガ>の結末は、“光と闇”のフォースをめぐる最後の決戦に託された──祖父ダース・ベイダーの遺志を受け継いだカイロ・レン。伝説のジェダイ、ルーク・スカイウォーカーの想いを引き継ぎ、フォースの力を覚醒させたレイ。そして、R2-D2、C-3PO、BB-8 ら忠実なドロイドと共に銀河の自由を求めて戦い続ける、生きる英雄レイア将軍、天才パイロットのポー、元ストームトルーパーのフィンら、レジスタンスの同志たち...。さらに、ハン・ソロの永遠の好敵手ランド・カルリジアンもエピソード・シリーズでは『スター・ウォーズ エピソード 6/ジェダイの帰還』以来の再登場。果たして、彼らを待ち受ける運命とは?そして、いかなるエンディングを迎えるのか?','starwars-ep9.jpg','2021-03-13 07:01:09','2021-04-02 08:26:20'),(17,'ハリー・ポッターと賢者の石','2001-12-01',152,'スティーブ・クローヴス','全世界に魔法をかけたファンタジー・アドベンチャーの最高傑作、第1章。 孤独な日々を送る少年、ハリー・ポッターの下に「ホグワーツ魔法魔術学校への入学を許可します」という手紙が届き…。','harrypotter-1.jpg','2021-03-13 07:01:09','2021-04-02 08:42:48'),(18,'ハリーポッターと秘密の部屋','2002-11-23',161,'スティーブ・クローヴス','史上最強のファンタジー、2年目の冒険が始まる！！もっと冒険、もっと勇気、もっと魔法が溢れ出る！！','harrypotter-2.jpg','2021-03-13 07:01:09','2021-04-02 08:41:16'),(19,'ハリー・ポッターとアズカバンの囚人','2004-06-26',142,'スティーブ・クローブス','13歳になったハリーを待ち受けるのは、不吉な死の予言さえ告げられる中、ハリーが直面する両親の死の真相。今まで見えなかったものが見え始め、わからなかったことがわかり始める第3章。','harrypotter-3.jpeg','2021-03-13 07:01:09','2021-04-02 08:40:59'),(20,'ハリー・ポッターと炎のゴブレット','2005-11-26',157,'スティーブ・クローブス','暗黒の支配者、ついに復活―。史上最大のスケールで描かれる激動の第4章！','harrypotter-4.jpg','2021-03-13 07:01:09','2021-04-02 08:39:56'),(21,'ハリー・ポッター不死鳥の騎士団','2007-07-20',138,'マイケル・ゴルデンバーグ','壮絶なバトルがついに始まる！ハリーの本当の秘密、解禁。','harrypotter5.jpg','2021-03-13 07:01:09','2021-04-02 08:38:06'),(22,'ハリー・ポッターと謎のプリンス','2009-07-15',154,'スティーブ・クローブス','史上最強のファンタジー第6章、クライマックスは、ここから始まる！','harrypotter6.jpg','2021-03-13 07:01:09','2021-04-02 08:37:22'),(23,'ハリー・ポッター死の秘宝 PART1','2010-11-19',146,'スティーブ・クローブス','史上最強のファンタジー　ついに、完結へ。二部構成で贈る最終章、歴史的フィナーレの幕が開く！','harrypotter7.jpg','2021-03-13 07:01:09','2021-04-02 08:30:38'),(24,'ハリー・ポッターと死の秘宝 PART2','2011-07-15',130,'スティーブ・クローブス','映画史上に残る最強シリーズの歴史的フィナーレ。シリーズ最高の感動と興奮を手に入れよう！','harrypotter8.jpg','2021-03-13 07:01:09','2021-04-02 08:28:45'),(25,'トランスフォーマー','2007-08-04',144,'アレックス・カーツマン','中東のカタール米軍基地を謎の巨大ロボットが襲撃。ロボットは軍用ヘリに姿を変え、まるで意志があるかのように攻撃を仕掛けてきた。かつてない緊急事態に、敵の情報収集を急ぐアメリカ政府。そのころ、アメリカの冴えない高校生サムは中古のカマロを手に入れる。しかし、そのカマロは宇宙の彼方からやって来たロボット生命体“トランスフォーマー”の一員で、宇宙征服を企む悪の“トランスフォーマー”メガトロンを追って地球を訪れたことを知り……。','30963.jpeg','2021-03-19 09:54:05','2021-04-02 08:37:43'),(29,'シン・エヴァンゲリオン劇場版','2021-03-08',NULL,'','','20210321-00241299-hbolz-000-2-view.jpeg','2021-03-24 08:59:11','2021-04-02 08:23:37'),(30,'騙し絵の牙','2021-03-26',113,'吉田大八','大手出版社「薫風社」に激震走る!かねてからの出版不況に加えて創業一族の社長が急逝、次期社長を巡って権力争いが勃発。専務・東松(佐藤浩市)が進める大改革で、雑誌は次々と廃刊のピンチに。会社のお荷物雑誌「トリニティ」の変わり者編集長・速水(大泉洋)も、無理難題を押し付けられて窮地に立たされる...が、この一見頼りない男、実は笑顔の裏にとんでもない“牙”を秘めていた!嘘、裏切り、リーク、告発。クセモノ揃いの上層部・作家・同僚たちの陰謀が渦巻く中、新人編集者・高野(松岡茉優)を巻き込んだ速水の生き残りを賭けた“大逆転”の奇策とは!?','damasienokiba.jpeg','2021-03-24 09:39:01','2021-04-02 08:18:29'),(31,'モンスターハンター','2021-03-26',103,'ポール・W・S・アンダーソン','消息を絶った偵察小隊の捜索に当たっていたアルテミス（ミラ・ジョヴォヴィッチ）率いる特殊部隊は、激しい砂嵐に飲み込まれてしまう。砂嵐が去った後、彼らのの目の前に現れたのは、未知なる世界と・・・ありえないサイズの超巨大モンスター！果たして元の世界に戻る方法はあるのか? すべての真実を知るためには、次々襲来する巨大モンスター達を倒し、生き残るしかない。狩るのは人間か? モンスターか!? 究極のサバイバルがいま始まる!','monster_hunter.jpeg','2021-03-24 09:54:12','2021-04-02 08:18:55'),(32,'TENNET','2020-09-18',150,'クリストファー・ノーラン','「その言葉の使い方次第で、未来が決まる」――主人公に課せられたミッションは、人類がずっと信じ続けてきた現在から未来に進む〈時間のルール〉から脱出すること。\r\n時間に隠された衝撃の秘密を解き明かし、第三次世界大戦を止めるのだ。\r\nミッションのキーワードは〈TENET（テネット）〉。\r\n突然、国家を揺るがす巨大な任務に巻き込まれた名もなき男（ジョン・デイビット・ワシントン）とその相棒（ロバート・パティンソン）は、任務を遂行する事が出来るのか！？','tennet.jpeg','2021-03-24 09:59:37','2021-04-02 08:25:59'),(33,'浅田家！','2020-10-20',130,'中野量太','幼いころ、写真好きの父からカメラを譲ってもらった政志（二宮和也）は、昔から写真を撮るのが大好きだった。そんな彼が、家族全員を巻き込んで、消防士、レーサー、ヒーロー、大食い選手権……。それぞれが“なりたかった職業”“やってみたかったこと”をテーマにコスプレし、その姿を撮影したユニークすぎる《家族写真》が、なんと写真界の芥川賞・木村伊兵衛写真賞を受賞！ 受賞をきっかけに日本中の家族から撮影依頼を受け、写真家としてようやく軌道に乗り始めたとき、東日本大震災が起こる――。\r\nかつて撮影した家族の安否を確かめるために向かった被災地で、政志が目にしたのは、家族や家を失った人々の姿だった。\r\n「家族ってなんだろう？」\r\n「写真家の自分にできることは何だろう？」\r\nシャッターを切ることができず、自問自答をくり返す政志だったが、ある時、津波で泥だらけになった写真を一枚一枚洗って、家族の元に返すボランティア活動に励む人々と出会う。彼らと共に《写真洗浄》を続け、そこで写真を見つけ嬉しそうに帰っていく人々の笑顔に触れることで、次第に《写真の持つチカラ》を信じられるようになる。そんな時、一人の少女が現れる。\r\n「私も家族写真を撮って欲しい！」\r\nそれは、津波で父親を失った少女の願いだった――。','asadake-poster03.jpeg','2021-03-28 05:10:16','2021-04-02 08:24:27'),(34,'花束みたいな恋をした','2021-01-29',124,'坂元裕二','東京・京王線の明大前駅で終電を逃したことから偶然に出会った大学生の山音麦<やまねむぎ>（菅田将暉）と八谷絹<はちやきぬ>（有村架純）。\r\n好きな音楽や映画がほとんど同じで、あっという間に恋に落ちた麦と絹は、大学を卒業してフリーターをしながら同棲を始める。拾った猫に二人で名前をつけて、渋谷パルコが閉店してもスマスマが最終回を迎えても、日々の現状維持を目標に二人は就職活動を続けるが──。','640.jpeg','2021-03-29 04:52:30','2021-04-02 08:23:56'),(35,'JUNK HEAD','2021-03-26',101,'','環境破壊が止まらず、もはや地上は住めないほど汚染された。人類は地下開発を目指し、その労働力として人工生命体マリガンを創造する。ところが、自我に目覚めたマリガンが人類に反乱、地下を乗っ取ってしまう。それから1600年──遺伝子操作により永遠と言える命を得た人類は、その代償として生殖能力を失った。そんな人類に新種のウイルスが襲いかかり、人口の30%が失われる。絶滅の危機に瀕した人類は、独自に進化していたマリガンの調査を開始。政府が募集した地下調査員に、生徒が激減したダンス講師の“主人公”が名乗りを上げる。地下へと潜入し、〈死〉と隣り合わせになることで命を実感した主人公は、マリガンたちと協力して人類再生の道を探る。今、広大な地下世界の迷宮で、クセ者ぞろいのマリガンとの奇想天外な冒険が始まる！','_.jpeg','2021-03-29 06:59:57','2021-04-02 08:19:11'),(36,'トムとジェリー','2021-03-19',101,'Eric Gravning マイケル・H・ウェバー スコット・ノイスタッター','大嫌いだけど、好き ―― ケンカばかりのトムジェリが〈まさかの友情〉で奇跡を起こす!\r\nとあるニューヨークの一流ホテルで、世界中が注目するセレブカップルの「世紀のウェディングパーティー」が行われることに。\r\nホテル中が準備に追われる中で、ある事件が起こる――あのいたずら好きネズミのジェリーがホテルに引っ越してきて大騒ぎ！\r\n新人スタッフのケイラは急遽“ネズミ対策”で猫のトムをボーイとして雇うが、\r\nトムとジェリーはニューヨーク中を巻き込んだ壮絶なおいかけっこを繰り広げ、\r\nついには“ある陰謀”に巻き込まれてウェディングパーティーを台無しにしてしまい―――。\r\nクビになってしまったケイラのため、そして新郎新婦のため、ふたりはタッグを組むことに。\r\nはたしてトムとジェリーは、最高のウェディングパーティーを開くことができるのか！？','top_kv_sp.jpeg','2021-03-30 08:17:43','2021-04-02 08:20:54'),(38,'Summer of 85','2021-08-20',100,'フランソワ・オゾン','セーリングを楽しもうとヨットで⼀⼈沖に出た16歳のアレックス。突然の嵐に⾒舞われ転覆した彼を救助したのは、18歳のダヴィド。⼆⼈は急速に惹かれ合い、友情を超えやがて恋愛感情で結ばれる。アレックスにとってはこれが初めての恋だった。\r\n互いに深く想い合う中、ダヴィドの提案で「どちらかが先に死んだら、残された⽅はその墓の上で踊る」という誓いを⽴てる⼆⼈。\r\nしかし、ダヴィドの不慮の事故によって恋焦がれた⽇々は突如終わりを迎える。悲しみと絶望に暮れ、⽣きる希望を失ったアレックスを突き動かしたのは、ダヴィドとあの夜に交わした誓いだった─。','summerof852.jpeg','2021-03-30 08:38:48','2021-04-02 08:18:09'),(39,'ノマドランド','2021-03-26',108,'クロエ・ジャオ','リーマンショック後、企業の倒産とともに、長年住み慣れたネバダ州の企業城下町の住処を失った60代女性ファーン（フランシス・マクドーマンド）。彼女の選択は、キャンピングカーに全ての思い出を詰め込んで、車上生活者、“現代のノマド（遊牧民）”として、過酷な季節労働の現場を渡り歩くことだった。その日その日を懸命に乗り越えながら、往く先々で出会うノマドたちとの心の交流とともに、誇りを持った彼女の自由な旅は続いていく。大きな反響を生んだ原作ノンフィクションをもとに、そこで描かれる実在のノマドたちとともに見つめる今を生きる希望を、広大な西部の自然の中で探し求めるロードムービー。','Nomadland.jpeg','2021-03-30 08:57:45','2021-04-02 08:20:36'),(40,'ミナリ','2021-03-19',116,'リー・アイザック・チョン','1980年代、農業で成功することを夢みる韓国系移民のジェイコブは、アメリカはアーカンソー州の高原に、家族と共に引っ越してきた。荒れた土地とボロボロのトレーラーハウスを見た妻のモニカは、いつまでも心は少年の夫の冒険に危険な匂いを感じるが、しっかり者の長女アンと心臓に病を持つが好奇心旺盛な弟のデビッドは、新しい土地に希望を見つけていく。まもなく毒舌で破天荒な祖母も加わり、デビッドと一風変わった絆を結ぶ。だが、水が干上がり、作物は売れず、追い詰められた一家に、思いもしない事態が立ち上がる──。','minari.jpeg','2021-03-30 09:45:17','2021-04-02 08:21:57'),(41,'まともじゃないのは君も一緒','2021-03-19',98,'高田亮','予備校講師・大野は、独身・彼女なし。ずっと 1 人で大好きな数学の世界で生きてきた。今の生活に不満はないが、このままずっと 1 人なのかと不安になることもある。自分だって普通に結婚したい。ただ、普通が何かわからない。女の子とデートをしてもなんだかピントがずれているような空気は感じているが、どうしていいのかはわからない大野。教え子の香住はそんな大野を”普通じゃない”と指摘してくれる唯一の相手。大野は香住に「どうしたら普通になれる？普通を教えてほしい。」と頼み込むのだが・・・。','matomojynainohakimimo.jpeg','2021-03-30 10:21:04','2021-04-02 08:23:19'),(43,'アヴェンジャーズ','2012-08-14',144,'ジョス・ウェドン','地球侵略へのカウントダウンが開始された時、７０億人もの人類の未来は、最強の力を持つヒーローたちに託された。彼らの名は、アベンジャーズ。だが、意思に反して集結させられた彼らはそれぞれの心の傷に囚われ、ひとつのチームとして戦うことを拒み続ける。次第に明らかにされるアベンジャーズの知られざる過去と苦悩…。人類史上最大の敵を前に、果たして彼らは地球を救うことができるのか？ それとも…？','avengers.jpg','2021-04-02 08:57:00','2021-04-02 08:57:00'),(44,'アベンジャーズ／エイジ・オブ・ウルトロン','2015-07-04',141,'ジョス・ウェドン','アイアンマンこと“戦う実業家”トニー・スタークが開発した＜ウルトロン計画＞━━それは、人工知能による完璧な平和維持システム。しかし、進化と増殖を続けるウルトロンが選択した“究極の平和”とは、地球を脅かす唯一の存在＝人類を抹消することだった…。世界中の都市を襲う人類滅亡の脅威に、最強チーム“アベンジャーズ”が再び結集。絶体絶命の彼らに残された最後の武器は、「愛する人を守りたい」という熱い思いだけ…。','avengers2.png','2021-04-02 09:15:57','2021-04-02 09:15:57'),(45,'sadsu','2021-01-01',123,'','sdaf','black_00061.jpg','2021-04-02 12:50:14','2021-04-02 12:50:14');
/*!40000 ALTER TABLE `movies` ENABLE KEYS */;
UNLOCK TABLES;

--
-- Table structure for table `schema_migrations`
--

DROP TABLE IF EXISTS `schema_migrations`;
/*!40101 SET @saved_cs_client     = @@character_set_client */;
/*!40101 SET character_set_client = utf8 */;
CREATE TABLE `schema_migrations` (
  `version` varchar(255) NOT NULL,
  PRIMARY KEY (`version`)
) ENGINE=InnoDB DEFAULT CHARSET=utf8;
/*!40101 SET character_set_client = @saved_cs_client */;

--
-- Dumping data for table `schema_migrations`
--

LOCK TABLES `schema_migrations` WRITE;
/*!40000 ALTER TABLE `schema_migrations` DISABLE KEYS */;
INSERT INTO `schema_migrations` VALUES ('20210208095032'),('20210208100023'),('20210209035532'),('20210209035918'),('20210209041627'),('20210209041854'),('20210209042021'),('20210209084237'),('20210222091005'),('20210222091304'),('20210301061415'),('20210311095350'),('20210319063953'),('20210319084059'),('20210323104242');
/*!40000 ALTER TABLE `schema_migrations` ENABLE KEYS */;
UNLOCK TABLES;

--
-- Table structure for table `users`
--

DROP TABLE IF EXISTS `users`;
/*!40101 SET @saved_cs_client     = @@character_set_client */;
/*!40101 SET character_set_client = utf8 */;
CREATE TABLE `users` (
  `id` bigint(20) NOT NULL AUTO_INCREMENT,
  `name` varchar(255) DEFAULT NULL,
  `email` varchar(255) DEFAULT NULL,
  `password_digest` varchar(255) DEFAULT NULL,
  `created_at` datetime NOT NULL,
  `updated_at` datetime NOT NULL,
  `admin` tinyint(1) DEFAULT '0',
  PRIMARY KEY (`id`)
) ENGINE=InnoDB AUTO_INCREMENT=5 DEFAULT CHARSET=utf8;
/*!40101 SET character_set_client = @saved_cs_client */;

--
-- Dumping data for table `users`
--

LOCK TABLES `users` WRITE;
/*!40000 ALTER TABLE `users` DISABLE KEYS */;
INSERT INTO `users` VALUES (1,'映画大好き','movie0710@hotmail.co.jp','$2a$12$OAYTO8LO54tgpyFALOavLODRpBlpZUIowrYK1sNr.YhdwR/wiAcIi','2021-03-12 10:26:01','2021-03-30 04:32:59',0),(2,'avg','avg0710@yahoo.co.jp','$2a$12$aiAq4ZqrpROhoo0WVKKuQedL05ozZ.KeNF5D.a0TEXJBE.RXfNq5G','2021-03-12 10:26:20','2021-03-30 04:33:51',0),(3,'planet','palnet@softbank.ne.jp','$2a$12$H1a0Bc/MC5wgt4HJrRfhJu8x7cRw.5bOR3KMzAm8MgKtT0L0p1wn.','2021-03-13 05:11:02','2021-03-30 04:34:51',0),(4,'makio.mizutani\'','makio.mizutani0710@gmail.com','$2a$12$n.58dEwA7Enbp8YHFHAWlOeHtQSbI/.BVt2VjzMXUchL0xrbteld6','2021-03-19 08:33:12','2021-03-30 04:30:46',1);
/*!40000 ALTER TABLE `users` ENABLE KEYS */;
UNLOCK TABLES;
/*!40103 SET TIME_ZONE=@OLD_TIME_ZONE */;

/*!40101 SET SQL_MODE=@OLD_SQL_MODE */;
/*!40014 SET FOREIGN_KEY_CHECKS=@OLD_FOREIGN_KEY_CHECKS */;
/*!40014 SET UNIQUE_CHECKS=@OLD_UNIQUE_CHECKS */;
/*!40101 SET CHARACTER_SET_CLIENT=@OLD_CHARACTER_SET_CLIENT */;
/*!40101 SET CHARACTER_SET_RESULTS=@OLD_CHARACTER_SET_RESULTS */;
/*!40101 SET COLLATION_CONNECTION=@OLD_COLLATION_CONNECTION */;
/*!40111 SET SQL_NOTES=@OLD_SQL_NOTES */;

-- Dump completed on 2021-04-16  6:57:44
