-- MySQL dump 10.13  Distrib 5.7.31, for Linux (x86_64)
--
-- Host: localhost    Database: choim_development
-- ------------------------------------------------------
-- Server version	5.7.31
/*!40103 SET @OLD_TIME_ZONE=@@TIME_ZONE */;
/*!40103 SET TIME_ZONE='+00:00' */;
/*!40014 SET @OLD_UNIQUE_CHECKS=@@UNIQUE_CHECKS, UNIQUE_CHECKS=0 */;
/*!40014 SET @OLD_FOREIGN_KEY_CHECKS=@@FOREIGN_KEY_CHECKS, FOREIGN_KEY_CHECKS=0 */;
/*!40101 SET @OLD_SQL_MODE=@@SQL_MODE, SQL_MODE='NO_AUTO_VALUE_ON_ZERO,POSTGRESQL' */;
/*!40111 SET @OLD_SQL_NOTES=@@SQL_NOTES, SQL_NOTES=0 */;

--
-- Dumping data for table "movies"
--

/*!40000 ALTER TABLE movies DISABLE KEYS */;
INSERT INTO movies (name, open_house, running_time, screen_writer, summary, image, created_at, updated_at) VALUES ('スパイダーマン','2002-05-11',121,'デヴィット・コープ','','spiderman.jpg','2021-03-13 07:01:09','2021-03-23 04:03:40');
INSERT INTO movies (name, open_house, running_time, screen_writer, summary, image, created_at, updated_at) VALUES ('スパイダーマン２','2002-07-10',127,'アルヴィン・サージェント','','Spiderman2-.jpg','2021-03-13 07:01:09','2021-03-23 04:04:08');
INSERT INTO movies (name, open_house, running_time, screen_writer, summary, image, created_at, updated_at) VALUES ('スパイダーマン３','2007-05-01',139,'サム・ライミ','ブラック・スパイダーマンとなったピーターは、その黒いスーツがもたらす新たなパワーに酔いしれ、怒りを制御することができない。 彼に何が起こったのか---? 慕っていた叔父を殺した犯人への復讐。 スパイダーマンを父の仇と信じ込む親友ハリーとの決闘。 未来を誓い合った恋人メリー・ジェーンとの心のすれ違い。 そこに現れるグウェンとの微妙な恋愛関係。 悲しき運命の連鎖が、彼を究極の戦いへと導く。 さらに新たな脅威ヴェノムがスパイダーマンに襲いかかる! 戦いは、ニュー・ゴブリン、サンドマンを巻き込み、熾烈さを増していく・・・・。','spiderman3.jpg','2021-03-13 07:01:09','2021-03-23 04:04:28');
INSERT INTO movies (name, open_house, running_time, screen_writer, summary, image, created_at, updated_at) VALUES ('アメイジングスパイダーマン','2012-06-30',136,'ジェームズ・ヴァンダービルト','ピーター・パーカーは、ちょっとサエナい高校生。正義感は強いが、女子にはモテない。両親は彼が幼いときに謎の失踪をとげ、以来ベンとメイの伯父夫婦に育てられてきた。ある日ピーターは父の消息を探るため、オズコープ社で遺伝子を研究するコナーズ博士を訪ね、実験中の蜘蛛にかまれてしまう。翌日、ピーターの人生は激変する。蜘蛛のように自由自在に動き回れるパワーとスピード、超感覚で危険を感知する“スパイダーセンス”を身につけたのだ。ピーターはその能力で悪と闘い、“スパイダーマン”と呼ばれるスーパーヒーローとなる。','amaizing-spiderman.jpg','2021-03-13 07:01:09','2021-03-30 03:56:47');
INSERT INTO movies (name, open_house, running_time, screen_writer, summary, image, created_at, updated_at) VALUES ('アメイジングスパイダーマン２','2014-04-25',142,'アレックス・カーツマン','スパイダーマンとしてニューヨークの平和を守り、ひとりの男性として恋人グウェンとの愛を育む、忙しくも充実した日々を送っていたピーター・パーカー。しかし、彼の旧友で巨大企業オズコープ社の御曹司であるハリー・オズボーンが街に戻ってきたことから、ピーターの生活は少しずつ狂い始める。一方、オズコープ社に勤める冴えない電気技師マックスは、感電事故に巻き込まれたことで、突如電撃を発する超人・エレクトロに変貌してしまう・・・！ 平凡な青年であることと、スパイダーマンとしての大いなる責任の間で葛藤してきたピーターに、更なる試練が襲い掛かる。','amaizing-spiderman2.jpg','2021-03-13 07:01:09','2021-03-23 03:58:25');
INSERT INTO movies (name, open_house, running_time, screen_writer, summary, image, created_at, updated_at) VALUES ('スパイダーマン ホームカミング','2017-08-11',133,'ジョン・フランシス・デイリー','ニューヨーク。15歳のピーター・パーカーはスパイダーマンだ。部活のノリで街を救う、ヒーロー気取りの高校生。そんなピーターの能力を見出し、真のヒーローとしての“道”へと導こうとするのがアイアンマンことトニー・スターク。スタークに新しいスーツまで作ってもらい興奮するピーターは、自分の力を認めてもらおうと街に飛び出す日々。そんなある日、巨大な翼で飛行する怪物が街に突如現れる。ピーターはここぞとばかり、ニューヨークの平和のために怪物退治に乗り出そうとするが、スタークに「アベンジャーズに任せておけ」と止められてしまう。「ガキ扱いは、ゴメンだ！」とピーターはその忠告を聞かずに戦いに挑むが―。','spiderman_homecomming.jpg','2021-03-13 07:01:09','2021-03-23 03:57:33');
INSERT INTO movies (name, open_house, running_time, screen_writer, summary, image, created_at, updated_at) VALUES ('スパイダーマン　ファーフロームホーム','2019-06-28',130,'クリス・マケナ','“ホーム”であるニューヨークを離れ、舞台はヨーロッパへ。ピーター（トム・ホランド）は親友のネッド（ジェイコブ・バタロン）やMJ（ゼンデイヤ）たちと2週間の夏休み旅行へ出かける。そこでピーターの前に突如現れるのは、S.H.I.E.L.D.の長官、ニック・フューリー（サミュエル・L・ジャクソン）だ。「出番だぞ。私と共に戦う覚悟はあるか？」とピーターに告げるが・・。','spiderman-far-from-home.jpg','2021-03-13 07:01:09','2021-03-30 04:02:19');
INSERT INTO movies (name, open_house, running_time, screen_writer, summary, image, created_at, updated_at) VALUES ('スターウォーズ ファントムメナス','1999-07-10',133,'ジョージ・ルーカス','遠い昔、はるかかなたの銀河系で繰り広げられる壮大な物語＜サーガ＞の第1章「スター・ウォーズ　エピソード1／ファントム・メナス」デジタルで登場。ジェダイ・マスターのクワイ＝ガン・ジンとその弟子オビ＝ワン・ケノービの二人は、平和な惑星ナブーの危機から女王パドメ・アミダラを救出する。その後惑星タトゥイーンへ立ち寄った二人は、9歳の少年アナキン・スカイウォーカーと出会い、その少年に特別な力＜フォース＞を感じとるのだが、その頃、謎の敵ダース・モールがジェダイ抹殺の為に動いていた…。','starwars-ep1jpg.jpg','2021-03-13 07:01:09','2021-03-23 04:05:01');
INSERT INTO movies (name, open_house, running_time, screen_writer, summary, image, created_at, updated_at) VALUES ('スターウォーズ クローンの攻撃','2002-07-13',142,'ジョナサン・ヘイルズ','アナキン・スカイウォーカーの成長と変化、そして戦いを描く「スター・ウォーズ　エピソード２／クローンの攻撃」デジタルで登場。惑星ナブーの戦いから10年後。アナキンはパドメ・アミダラが命を狙われた為護衛に付いていたが、お互いに惹かれ合う。一方、銀河共和国は、昔ジェダイであったドゥークー伯爵により新たな脅威にさらされていく。そして、オビ＝ワン・ケノービはある惑星で大量のクローンが製造されている光景を目にする。やがて、アナキンとパドメ、そしてオビ=ワンはクローン戦争に引き込まれていく。','starwars-ep2.jpg','2021-03-13 07:01:09','2021-03-23 04:05:24');
INSERT INTO movies (name, open_house, running_time, screen_writer, summary, image, created_at, updated_at) VALUES ('スターウォーズ　シスの復習','2005-07-09',141,'ジョージ・ルーカス','ダークサイドの強力な力を描く「スター・ウォーズ　エピソード３／シスの復讐」デジタルで登場。クローン大戦から数年、ジェダイはクローン軍を率いて、各地でドロイド軍と戦っていた。パルパティーン最高議長を拉致する事件が発生し、オビ＝ワン・ケノービとアナキン・スカイウォーカーが救出に向かい、アナキンの活躍で救出に成功する。しかし、アナキンはパドメとの秘かな愛とジェダイへの忠誠で悩み苦しむ。そしてシスのダークサイドへ誘惑されていくのであった。','starwars-ep3.png','2021-03-13 07:01:09','2021-03-30 03:58:06');
INSERT INTO movies (name, open_house, running_time, screen_writer, summary, image, created_at, updated_at) VALUES ('スターウォーズ　新たなる希望','1978-07-01',121,'ジョージ・ルーカス','ルーク・スカイウォーカーの銀河を巡る冒険がはじまる「スター・ウォーズ　エピソード４／新たなる希望」デジタルで登場。銀河帝国樹立から19年。砂漠の惑星タトゥイーンでルークは、長年隠れ住んでいたオビ=ワン・ケノービと出会い反乱軍の戦いに加わることを決意する。ダース・ベイダー率いる邪悪な帝国軍に捕らわれたレイア姫を救出するため、オビ=ワンは若きルークをジェダイへ導いていく。','starwars-ep4.png','2021-03-13 07:01:09','2021-03-23 04:09:00');
INSERT INTO movies (name, open_house, running_time, screen_writer, summary, image, created_at, updated_at) VALUES ('スターウォーズ 帝国の逆襲','1980-06-28',124,'リー・ブラケット、ローレンス・カスダン','デス・スターを破壊された帝国軍は反乱軍を容赦なく追い続けていた。反乱軍が氷の惑星ホスから撤退すると、ルーク・スカイウォーカーは惑星ダゴバに行く。そこには隠れ暮らしていた伝説のジェダイ・マスターのヨーダがいたのだ。一方、ダース・ベイダーはベスピンのクラウド・シティで若きスカイウォーカーをダークサイドへ引き込もうと目論む。','starwars-ep5.jpg','2021-03-13 07:01:09','2021-03-23 04:09:32');
INSERT INTO movies (name, open_house, running_time, screen_writer, summary, image, created_at, updated_at) VALUES ('スターウォーズ ジェダイの帰還','1997-07-26',137,'ジョージ・ルーカス','壮大なるサーガのクライマックス、フォースの勝利を描く「スター・ウォーズ　エピソード６／ジェダイの帰還」デジタルで登場。帝国軍がより強力な第２デス・スターの建造を進めている中、反乱軍は総力を結集しデス・スターへ攻撃の準備を計画していた。一方、ルーク・スカイウォーカーは、邪悪な皇帝の前でダース・ベイダーとの最後の戦いに挑む。','starwars-ep6.png','2021-03-13 07:01:09','2021-03-23 04:10:39');
INSERT INTO movies (name, open_house, running_time, screen_writer, summary, image, created_at, updated_at) VALUES ('スターウォーズ　フォースの覚醒','2015-12-18',136,'j・j・エイブラムス','世界で愛され続けるSFアドベンチャー「スター・ウォーズ」シリーズの第7作目。『ジェダイの帰還』の30年後、帝国軍の残党「ファースト・オーダー」が台頭するなか、姿を消したとされる最後のジェダイ・ルークの手がかりを探す。','starwars-ep7.jpg','2021-03-13 07:01:09','2021-03-30 03:59:13');
INSERT INTO movies (name, open_house, running_time, screen_writer, summary, image, created_at, updated_at) VALUES ('スターウォーズ 最後のジェダイ','2017-12-15',152,'ライアン・ジョンソン','『スター・ウォーズ／フォースの覚醒』のその後を描く、誰も観たことのない衝撃の「スター・ウォーズ」。ついにフォ ースを覚醒させたレイと、ダース・ベイダーを継ごうとするカイロ・レン。伝説のジェダイ、ルーク・スカイウォーカーの出現は何をもたらすのか？そして、“光”と“闇”の間で揺れ動く二人を待ち受ける“衝撃の運命”とは？','starwars-ep8.jpg','2021-03-13 07:01:09','2021-03-23 03:56:51');
INSERT INTO movies (name, open_house, running_time, screen_writer, summary, image, created_at, updated_at) VALUES ('スターウォーズ スカイウォーカーの夜明け','2019-12-20',142,'j・j・エイブラムス','はるか彼方の銀河系で繰り広げられる、スカイウォーカー家を中心とした壮大な<サーガ>の結末は、“光と闇”のフォースをめぐる最後の決戦に託された──祖父ダース・ベイダーの遺志を受け継いだカイロ・レン。伝説のジェダイ、ルーク・スカイウォーカーの想いを引き継ぎ、フォースの力を覚醒させたレイ。そして、R2-D2、C-3PO、BB-8 ら忠実なドロイドと共に銀河の自由を求めて戦い続ける、生きる英雄レイア将軍、天才パイロットのポー、元ストームトルーパーのフィンら、レジスタンスの同志たち...。さらに、ハン・ソロの永遠の好敵手ランド・カルリジアンもエピソード・シリーズでは『スター・ウォーズ エピソード 6/ジェダイの帰還』以来の再登場。果たして、彼らを待ち受ける運命とは?そして、いかなるエンディングを迎えるのか?','starwars-ep9.jpg','2021-03-13 07:01:09','2021-03-23 03:55:44');
INSERT INTO movies (name, open_house, running_time, screen_writer, summary, image, created_at, updated_at) VALUES ('ハリー・ポッターと賢者の石','2001-12-01',152,'スティーブ・クローヴス','全世界に魔法をかけたファンタジー・アドベンチャーの最高傑作、第1章。 孤独な日々を送る少年、ハリー・ポッターの下に「ホグワーツ魔法魔術学校への入学を許可します」という手紙が届き…。','harrypotter-1.jpg','2021-03-13 07:01:09','2021-03-23 04:02:17');
INSERT INTO movies (name, open_house, running_time, screen_writer, summary, image, created_at, updated_at) VALUES ('ハリーポッターと秘密の部屋','2002-11-23',161,'スティーブ・クローヴス','史上最強のファンタジー、2年目の冒険が始まる！！もっと冒険、もっと勇気、もっと魔法が溢れ出る！！','harrypotter-2.jpg','2021-03-13 07:01:09','2021-03-30 04:00:52');
INSERT INTO movies (name, open_house, running_time, screen_writer, summary, image, created_at, updated_at) VALUES ('ハリー・ポッターとアズカバンの囚人','2004-06-26',142,'スティーブ・クローブス','13歳になったハリーを待ち受けるのは、不吉な死の予言さえ告げられる中、ハリーが直面する両親の死の真相。今まで見えなかったものが見え始め、わからなかったことがわかり始める第3章。','harrypotter-3.jpeg','2021-03-13 07:01:09','2021-03-23 04:02:45');
INSERT INTO movies (name, open_house, running_time, screen_writer, summary, image, created_at, updated_at) VALUES ('ハリー・ポッターと炎のゴブレット','2005-11-26',157,'スティーブ・クローブス','暗黒の支配者、ついに復活―。史上最大のスケールで描かれる激動の第4章！','harrypotter-4.jpg','2021-03-13 07:01:09','2021-03-23 04:03:02');
INSERT INTO movies (name, open_house, running_time, screen_writer, summary, image, created_at, updated_at) VALUES ('ハリー・ポッター不死鳥の騎士団','2007-07-20',138,'マイケル・ゴルデンバーグ','壮絶なバトルがついに始まる！ハリーの本当の秘密、解禁。','harrypotter5.jpg','2021-03-13 07:01:09','2021-03-23 04:01:49');
INSERT INTO movies (name, open_house, running_time, screen_writer, summary, image, created_at, updated_at) VALUES ('ハリー・ポッターと謎のプリンス','2009-07-15',154,'スティーブ・クローブス','史上最強のファンタジー第6章、クライマックスは、ここから始まる！','harrypotter6.jpg','2021-03-13 07:01:09','2021-03-23 04:00:06');
INSERT INTO movies (name, open_house, running_time, screen_writer, summary, image, created_at, updated_at) VALUES ('ハリー・ポッター死の秘宝 PART1','2010-11-19',146,'スティーブ・クローブス','史上最強のファンタジー　ついに、完結へ。二部構成で贈る最終章、歴史的フィナーレの幕が開く！','harrypotter7.jpg','2021-03-13 07:01:09','2021-03-23 03:59:39');
INSERT INTO movies (name, open_house, running_time, screen_writer, summary, image, created_at, updated_at) VALUES ('ハリー・ポッターと死の秘宝 PART2','2011-07-15',130,'スティーブ・クローブス','映画史上に残る最強シリーズの歴史的フィナーレ。シリーズ最高の感動と興奮を手に入れよう！','harrypotter8.jpg','2021-03-13 07:01:09','2021-03-23 03:59:08');
INSERT INTO movies (name, open_house, running_time, screen_writer, summary, image, created_at, updated_at) VALUES ('トランスフォーマー','2007-08-04',144,'アレックス・カーツマン','中東のカタール米軍基地を謎の巨大ロボットが襲撃。ロボットは軍用ヘリに姿を変え、まるで意志があるかのように攻撃を仕掛けてきた。かつてない緊急事態に、敵の情報収集を急ぐアメリカ政府。そのころ、アメリカの冴えない高校生サムは中古のカマロを手に入れる。しかし、そのカマロは宇宙の彼方からやって来たロボット生命体“トランスフォーマー”の一員で、宇宙征服を企む悪の“トランスフォーマー”メガトロンを追って地球を訪れたことを知り……。','30963.jpeg','2021-03-19 09:54:05','2021-03-23 04:01:20');
INSERT INTO movies (name, open_house, running_time, screen_writer, summary, image, created_at, updated_at) VALUES ('シン・エヴァンゲリオン劇場版','2021-03-08',NULL,'','','20210321-00241299-hbolz-000-2-view.jpeg','2021-03-24 08:59:11','2021-03-24 08:59:11');
INSERT INTO movies (name, open_house, running_time, screen_writer, summary, image, created_at, updated_at) VALUES ('騙し絵の牙','2021-03-26',113,'吉田大八','大手出版社「薫風社」に激震走る!かねてからの出版不況に加えて創業一族の社長が急逝、次期社長を巡って権力争いが勃発。専務・東松(佐藤浩市)が進める大改革で、雑誌は次々と廃刊のピンチに。会社のお荷物雑誌「トリニティ」の変わり者編集長・速水(大泉洋)も、無理難題を押し付けられて窮地に立たされる...が、この一見頼りない男、実は笑顔の裏にとんでもない“牙”を秘めていた!嘘、裏切り、リーク、告発。クセモノ揃いの上層部・作家・同僚たちの陰謀が渦巻く中、新人編集者・高野(松岡茉優)を巻き込んだ速水の生き残りを賭けた“大逆転”の奇策とは!?','damasienokiba.jpeg','2021-03-24 09:39:01','2021-03-30 07:52:43');
INSERT INTO movies (name, open_house, running_time, screen_writer, summary, image, created_at, updated_at) VALUES ('モンスターハンター','2021-03-26',103,'ポール・W・S・アンダーソン','消息を絶った偵察小隊の捜索に当たっていたアルテミス（ミラ・ジョヴォヴィッチ）率いる特殊部隊は、激しい砂嵐に飲み込まれてしまう。砂嵐が去った後、彼らのの目の前に現れたのは、未知なる世界と・・・ありえないサイズの超巨大モンスター！果たして元の世界に戻る方法はあるのか? すべての真実を知るためには、次々襲来する巨大モンスター達を倒し、生き残るしかない。狩るのは人間か? モンスターか!? 究極のサバイバルがいま始まる!','monster_hunter.jpeg','2021-03-24 09:54:12','2021-03-30 08:06:09');
INSERT INTO movies (name, open_house, running_time, screen_writer, summary, image, created_at, updated_at) VALUES ('TENNET','2020-09-18',150,'クリストファー・ノーラン','「その言葉の使い方次第で、未来が決まる」――主人公に課せられたミッションは、人類がずっと信じ続けてきた現在から未来に進む〈時間のルール〉から脱出すること。\r\n時間に隠された衝撃の秘密を解き明かし、第三次世界大戦を止めるのだ。\r\nミッションのキーワードは〈TENET（テネット）〉。\r\n突然、国家を揺るがす巨大な任務に巻き込まれた名もなき男（ジョン・デイビット・ワシントン）とその相棒（ロバート・パティンソン）は、任務を遂行する事が出来るのか！？','tennet.jpeg','2021-03-24 09:59:37','2021-03-30 08:11:23');
INSERT INTO movies (name, open_house, running_time, screen_writer, summary, image, created_at, updated_at) VALUES ('浅田家！','2020-10-20',130,'中野量太','幼いころ、写真好きの父からカメラを譲ってもらった政志（二宮和也）は、昔から写真を撮るのが大好きだった。そんな彼が、家族全員を巻き込んで、消防士、レーサー、ヒーロー、大食い選手権……。それぞれが“なりたかった職業”“やってみたかったこと”をテーマにコスプレし、その姿を撮影したユニークすぎる《家族写真》が、なんと写真界の芥川賞・木村伊兵衛写真賞を受賞！ 受賞をきっかけに日本中の家族から撮影依頼を受け、写真家としてようやく軌道に乗り始めたとき、東日本大震災が起こる――。\r\nかつて撮影した家族の安否を確かめるために向かった被災地で、政志が目にしたのは、家族や家を失った人々の姿だった。\r\n「家族ってなんだろう？」\r\n「写真家の自分にできることは何だろう？」\r\nシャッターを切ることができず、自問自答をくり返す政志だったが、ある時、津波で泥だらけになった写真を一枚一枚洗って、家族の元に返すボランティア活動に励む人々と出会う。彼らと共に《写真洗浄》を続け、そこで写真を見つけ嬉しそうに帰っていく人々の笑顔に触れることで、次第に《写真の持つチカラ》を信じられるようになる。そんな時、一人の少女が現れる。\r\n「私も家族写真を撮って欲しい！」\r\nそれは、津波で父親を失った少女の願いだった――。','asadake-poster03.jpeg','2021-03-28 05:10:16','2021-03-28 07:18:35');
INSERT INTO movies (name, open_house, running_time, screen_writer, summary, image, created_at, updated_at) VALUES ('花束みたいな恋をした','2021-01-29',124,'坂元裕二','東京・京王線の明大前駅で終電を逃したことから偶然に出会った大学生の山音麦<やまねむぎ>（菅田将暉）と八谷絹<はちやきぬ>（有村架純）。\r\n好きな音楽や映画がほとんど同じで、あっという間に恋に落ちた麦と絹は、大学を卒業してフリーターをしながら同棲を始める。拾った猫に二人で名前をつけて、渋谷パルコが閉店してもスマスマが最終回を迎えても、日々の現状維持を目標に二人は就職活動を続けるが──。','640.jpeg','2021-03-29 04:52:30','2021-03-29 04:52:30');
INSERT INTO movies (name, open_house, running_time, screen_writer, summary, image, created_at, updated_at) VALUES ('JUNK HEAD','2021-03-26',101,'','環境破壊が止まらず、もはや地上は住めないほど汚染された。人類は地下開発を目指し、その労働力として人工生命体マリガンを創造する。ところが、自我に目覚めたマリガンが人類に反乱、地下を乗っ取ってしまう。それから1600年──遺伝子操作により永遠と言える命を得た人類は、その代償として生殖能力を失った。そんな人類に新種のウイルスが襲いかかり、人口の30%が失われる。絶滅の危機に瀕した人類は、独自に進化していたマリガンの調査を開始。政府が募集した地下調査員に、生徒が激減したダンス講師の“主人公”が名乗りを上げる。地下へと潜入し、〈死〉と隣り合わせになることで命を実感した主人公は、マリガンたちと協力して人類再生の道を探る。今、広大な地下世界の迷宮で、クセ者ぞろいのマリガンとの奇想天外な冒険が始まる！','_.jpeg','2021-03-29 06:59:57','2021-03-29 10:29:27');
INSERT INTO movies (name, open_house, running_time, screen_writer, summary, image, created_at, updated_at) VALUES ('トムとジェリー','2021-03-19',101,'Eric Gravning マイケル・H・ウェバー スコット・ノイスタッター','大嫌いだけど、好き ―― ケンカばかりのトムジェリが〈まさかの友情〉で奇跡を起こす!\r\nとあるニューヨークの一流ホテルで、世界中が注目するセレブカップルの「世紀のウェディングパーティー」が行われることに。\r\nホテル中が準備に追われる中で、ある事件が起こる――あのいたずら好きネズミのジェリーがホテルに引っ越してきて大騒ぎ！\r\n新人スタッフのケイラは急遽“ネズミ対策”で猫のトムをボーイとして雇うが、\r\nトムとジェリーはニューヨーク中を巻き込んだ壮絶なおいかけっこを繰り広げ、\r\nついには“ある陰謀”に巻き込まれてウェディングパーティーを台無しにしてしまい―――。\r\nクビになってしまったケイラのため、そして新郎新婦のため、ふたりはタッグを組むことに。\r\nはたしてトムとジェリーは、最高のウェディングパーティーを開くことができるのか！？','top_kv_sp.jpeg','2021-03-30 08:17:43','2021-03-30 08:17:43');
INSERT INTO movies (name, open_house, running_time, screen_writer, summary, image, created_at, updated_at) VALUES ('Summer of 85','2021-08-20',100,'フランソワ・オゾン','セーリングを楽しもうとヨットで⼀⼈沖に出た16歳のアレックス。突然の嵐に⾒舞われ転覆した彼を救助したのは、18歳のダヴィド。⼆⼈は急速に惹かれ合い、友情を超えやがて恋愛感情で結ばれる。アレックスにとってはこれが初めての恋だった。\r\n互いに深く想い合う中、ダヴィドの提案で「どちらかが先に死んだら、残された⽅はその墓の上で踊る」という誓いを⽴てる⼆⼈。\r\nしかし、ダヴィドの不慮の事故によって恋焦がれた⽇々は突如終わりを迎える。悲しみと絶望に暮れ、⽣きる希望を失ったアレックスを突き動かしたのは、ダヴィドとあの夜に交わした誓いだった─。','summerof852.jpeg','2021-03-30 08:38:48','2021-03-30 08:38:48');
INSERT INTO movies (name, open_house, running_time, screen_writer, summary, image, created_at, updated_at) VALUES ('ノマドランド','2021-03-26',108,'クロエ・ジャオ','リーマンショック後、企業の倒産とともに、長年住み慣れたネバダ州の企業城下町の住処を失った60代女性ファーン（フランシス・マクドーマンド）。彼女の選択は、キャンピングカーに全ての思い出を詰め込んで、車上生活者、“現代のノマド（遊牧民）”として、過酷な季節労働の現場を渡り歩くことだった。その日その日を懸命に乗り越えながら、往く先々で出会うノマドたちとの心の交流とともに、誇りを持った彼女の自由な旅は続いていく。大きな反響を生んだ原作ノンフィクションをもとに、そこで描かれる実在のノマドたちとともに見つめる今を生きる希望を、広大な西部の自然の中で探し求めるロードムービー。','Nomadland.jpeg','2021-03-30 08:57:45','2021-03-30 08:57:45');
INSERT INTO movies (name, open_house, running_time, screen_writer, summary, image, created_at, updated_at) VALUES ('ミナリ','2021-03-19',116,'リー・アイザック・チョン','1980年代、農業で成功することを夢みる韓国系移民のジェイコブは、アメリカはアーカンソー州の高原に、家族と共に引っ越してきた。荒れた土地とボロボロのトレーラーハウスを見た妻のモニカは、いつまでも心は少年の夫の冒険に危険な匂いを感じるが、しっかり者の長女アンと心臓に病を持つが好奇心旺盛な弟のデビッドは、新しい土地に希望を見つけていく。まもなく毒舌で破天荒な祖母も加わり、デビッドと一風変わった絆を結ぶ。だが、水が干上がり、作物は売れず、追い詰められた一家に、思いもしない事態が立ち上がる──。','minari.jpeg','2021-03-30 09:45:17','2021-03-30 09:46:45');
INSERT INTO movies (name, open_house, running_time, screen_writer, summary, image, created_at, updated_at) VALUES ('まともじゃないのは君も一緒','2021-03-19',98,'高田亮','予備校講師・大野は、独身・彼女なし。ずっと 1 人で大好きな数学の世界で生きてきた。今の生活に不満はないが、このままずっと 1 人なのかと不安になることもある。自分だって普通に結婚したい。ただ、普通が何かわからない。女の子とデートをしてもなんだかピントがずれているような空気は感じているが、どうしていいのかはわからない大野。教え子の香住はそんな大野を”普通じゃない”と指摘してくれる唯一の相手。大野は香住に「どうしたら普通になれる？普通を教えてほしい。」と頼み込むのだが・・・。','matomojynainohakimimo.jpeg','2021-03-30 10:21:04','2021-03-30 10:21:04');
INSERT INTO movies (name, open_house, running_time, screen_writer, summary, image, created_at, updated_at) VALUES ('アヴェンジャーズ','2012-08-14',144,'ジョス・ウェドン','地球侵略へのカウントダウンが開始された時、７０億人もの人類の未来は、最強の力を持つヒーローたちに託された。彼らの名は、アベンジャーズ。だが、意思に反して集結させられた彼らはそれぞれの心の傷に囚われ、ひとつのチームとして戦うことを拒み続ける。次第に明らかにされるアベンジャーズの知られざる過去と苦悩…。人類史上最大の敵を前に、果たして彼らは地球を救うことができるのか？ それとも…？','avengers.jpg','2021-04-02 08:57:00','2021-04-02 08:57:00');
INSERT INTO movies (name, open_house, running_time, screen_writer, summary, image, created_at, updated_at) VALUES ('アベンジャーズ／エイジ・オブ・ウルトロン','2015-07-04',141,'ジョス・ウェドン','アイアンマンこと“戦う実業家”トニー・スタークが開発した＜ウルトロン計画＞━━それは、人工知能による完璧な平和維持システム。しかし、進化と増殖を続けるウルトロンが選択した“究極の平和”とは、地球を脅かす唯一の存在＝人類を抹消することだった…。世界中の都市を襲う人類滅亡の脅威に、最強チーム“アベンジャーズ”が再び結集。絶体絶命の彼らに残された最後の武器は、「愛する人を守りたい」という熱い思いだけ…。','avengers2.png','2021-04-02 09:15:57','2021-04-02 09:15:57');

/*!40000 ALTER TABLE movies ENABLE KEYS */;

--
-- Dumping data for table "actors"
--

/*!40000 ALTER TABLE actors DISABLE KEYS */;
INSERT INTO actors (name, created_at, updated_at) VALUES ('トビーマグワイア','2021-03-13 07:01:09','2021-03-13 07:01:09');
INSERT INTO actors (name, created_at, updated_at) VALUES ('ウィレム・デフォー','2021-03-13 07:01:09','2021-03-13 07:01:09');
INSERT INTO actors (name, created_at, updated_at) VALUES ('キルスティン・ダンスト','2021-03-13 07:01:09','2021-03-13 07:01:09');
INSERT INTO actors (name, created_at, updated_at) VALUES ('ジェームズ・フランコ','2021-03-13 07:01:09','2021-03-13 07:01:09');
INSERT INTO actors (name, created_at, updated_at) VALUES ('J・K・シモンズ','2021-03-13 07:01:09','2021-03-13 07:01:09');
INSERT INTO actors (name, created_at, updated_at) VALUES ('クリフ・ロバートソン','2021-03-13 07:01:09','2021-03-13 07:01:09');
INSERT INTO actors (name, created_at, updated_at) VALUES ('ローズマリー・ハリス','2021-03-13 07:01:09','2021-03-13 07:01:09');
INSERT INTO actors (name, created_at, updated_at) VALUES ('ランディ・ポッフォ','2021-03-13 07:01:09','2021-03-13 07:01:09');
INSERT INTO actors (name, created_at, updated_at) VALUES ('アルフレッド・モリナ','2021-03-13 07:01:09','2021-03-13 07:01:09');
INSERT INTO actors (name, created_at, updated_at) VALUES ('トーマス・ヘイデン・チャーチ','2021-03-13 07:01:09','2021-03-13 07:01:09');
INSERT INTO actors (name, created_at, updated_at) VALUES ('トファー・グレイス','2021-03-13 07:01:09','2021-03-13 07:01:09');
INSERT INTO actors (name, created_at, updated_at) VALUES ('ブライス・ダラス・ハワード','2021-03-13 07:01:09','2021-03-13 07:01:09');
INSERT INTO actors (name, created_at, updated_at) VALUES ('アンドリュー・ガーフィールド','2021-03-13 07:01:09','2021-03-13 07:01:09');
INSERT INTO actors (name, created_at, updated_at) VALUES ('エマ・ストーン','2021-03-13 07:01:09','2021-03-13 07:01:09');
INSERT INTO actors (name, created_at, updated_at) VALUES ('リス・エヴァンス','2021-03-13 07:01:09','2021-03-13 07:01:09');
INSERT INTO actors (name, created_at, updated_at) VALUES ('デニス・リアリー','2021-03-13 07:01:09','2021-03-13 07:01:09');
INSERT INTO actors (name, created_at, updated_at) VALUES ('マーティン・シーン','2021-03-13 07:01:09','2021-03-13 07:01:09');
INSERT INTO actors (name, created_at, updated_at) VALUES ('サリー・フィールド','2021-03-13 07:01:09','2021-03-13 07:01:09');
INSERT INTO actors (name, created_at, updated_at) VALUES ('ジェイミー・フォックス','2021-03-13 07:01:09','2021-03-13 07:01:09');
INSERT INTO actors (name, created_at, updated_at) VALUES ('デイン・デハーン','2021-03-13 07:01:09','2021-03-13 07:01:09');
INSERT INTO actors (name, created_at, updated_at) VALUES ('トム・ホランド','2021-03-13 07:01:09','2021-03-13 07:01:09');
INSERT INTO actors (name, created_at, updated_at) VALUES ('マイケル・キートン','2021-03-13 07:01:09','2021-03-13 07:01:09');
INSERT INTO actors (name, created_at, updated_at) VALUES ('ロバート・ダウニー・Jr','2021-03-13 07:01:09','2021-03-13 07:01:09');
INSERT INTO actors (name, created_at, updated_at) VALUES ('マリサ・トメイ','2021-03-13 07:01:09','2021-03-13 07:01:09');
INSERT INTO actors (name, created_at, updated_at) VALUES ('ジョン・ファブロー','2021-03-13 07:01:09','2021-03-13 07:01:09');
INSERT INTO actors (name, created_at, updated_at) VALUES ('グウィネス・パルトロー','2021-03-13 07:01:09','2021-03-13 07:01:09');
INSERT INTO actors (name, created_at, updated_at) VALUES ('ゼンデイヤ','2021-03-13 07:01:09','2021-03-13 07:01:09');
INSERT INTO actors (name, created_at, updated_at) VALUES ('ジェイコブ・バタラン','2021-03-13 07:01:09','2021-03-13 07:01:09');
INSERT INTO actors (name, created_at, updated_at) VALUES ('ジェイク・ギレンホール','2021-03-13 07:01:09','2021-03-13 07:01:09');
INSERT INTO actors (name, created_at, updated_at) VALUES ('サミュエル・L・ジャクソン','2021-03-13 07:01:09','2021-03-13 07:01:09');
INSERT INTO actors (name, created_at, updated_at) VALUES ('コビー・スマルダーズ','2021-03-13 07:01:09','2021-03-13 07:01:09');
INSERT INTO actors (name, created_at, updated_at) VALUES ('リーアム・ニーソン','2021-03-13 07:01:09','2021-03-13 07:01:09');
INSERT INTO actors (name, created_at, updated_at) VALUES ('ユアン・マクレガー','2021-03-13 07:01:09','2021-03-13 07:01:09');
INSERT INTO actors (name, created_at, updated_at) VALUES ('ナタリー・ポートマン','2021-03-13 07:01:09','2021-03-13 07:01:09');
INSERT INTO actors (name, created_at, updated_at) VALUES ('ジェイク・ロイド','2021-03-13 07:01:09','2021-03-13 07:01:09');
INSERT INTO actors (name, created_at, updated_at) VALUES ('イアン・マクディアミッド','2021-03-13 07:01:09','2021-03-13 07:01:09');
INSERT INTO actors (name, created_at, updated_at) VALUES ('ペルニラ・アウグスト','2021-03-13 07:01:09','2021-03-13 07:01:09');
INSERT INTO actors (name, created_at, updated_at) VALUES ('ヒュー・クァーシー','2021-03-13 07:01:09','2021-03-13 07:01:09');
INSERT INTO actors (name, created_at, updated_at) VALUES ('アンソニー・ダニエルズ','2021-03-13 07:01:09','2021-03-13 07:01:09');
INSERT INTO actors (name, created_at, updated_at) VALUES ('ケニー・ベイカー','2021-03-13 07:01:09','2021-03-13 07:01:09');
INSERT INTO actors (name, created_at, updated_at) VALUES ('ヘイデン・クリステンセン','2021-03-13 07:01:09','2021-03-13 07:01:09');
INSERT INTO actors (name, created_at, updated_at) VALUES ('クリストファー・リー','2021-03-13 07:01:09','2021-03-13 07:01:09');
INSERT INTO actors (name, created_at, updated_at) VALUES ('テムエラ・モリソン','2021-03-13 07:01:09','2021-03-13 07:01:09');
INSERT INTO actors (name, created_at, updated_at) VALUES ('マーク・ハミル','2021-03-13 07:01:09','2021-03-13 07:01:09');
INSERT INTO actors (name, created_at, updated_at) VALUES ('ハリソン・フォード','2021-03-13 07:01:09','2021-03-13 07:01:09');
INSERT INTO actors (name, created_at, updated_at) VALUES ('キャリー・フィッシャー','2021-03-13 07:01:09','2021-03-13 07:01:09');
INSERT INTO actors (name, created_at, updated_at) VALUES ('アレック・ギネス','2021-03-13 07:01:09','2021-03-13 07:01:09');
INSERT INTO actors (name, created_at, updated_at) VALUES ('ピーター・カッシング','2021-03-13 07:01:09','2021-03-13 07:01:09');
INSERT INTO actors (name, created_at, updated_at) VALUES ('ピーター・メイヒュー','2021-03-13 07:01:09','2021-03-13 07:01:09');
INSERT INTO actors (name, created_at, updated_at) VALUES ('デイヴ・プラウズ','2021-03-13 07:01:09','2021-03-13 07:01:09');
INSERT INTO actors (name, created_at, updated_at) VALUES ('ビリー・ディー・ウィリアムズ','2021-03-13 07:01:09','2021-03-13 07:01:09');
INSERT INTO actors (name, created_at, updated_at) VALUES ('デイジー・リドリー','2021-03-13 07:01:09','2021-03-13 07:01:09');
INSERT INTO actors (name, created_at, updated_at) VALUES ('オスカー・アイザック','2021-03-13 07:01:09','2021-03-13 07:01:09');
INSERT INTO actors (name, created_at, updated_at) VALUES ('アダム・ドライバー','2021-03-13 07:01:09','2021-03-13 07:01:09');
INSERT INTO actors (name, created_at, updated_at) VALUES ('ジョン・ボヤーガ','2021-03-13 07:01:09','2021-03-13 07:01:09');
INSERT INTO actors (name, created_at, updated_at) VALUES ('アンディ・サーキス','2021-03-13 07:01:09','2021-03-13 07:01:09');
INSERT INTO actors (name, created_at, updated_at) VALUES ('ドーナル・グリーソン','2021-03-13 07:01:09','2021-03-13 07:01:09');
INSERT INTO actors (name, created_at, updated_at) VALUES ('ダニエル・ラドクリフ','2021-03-13 07:01:09','2021-03-13 07:01:09');
INSERT INTO actors (name, created_at, updated_at) VALUES ('ルパート・グリント','2021-03-13 07:01:09','2021-03-13 07:01:09');
INSERT INTO actors (name, created_at, updated_at) VALUES ('エマ・ワトソン','2021-03-13 07:01:09','2021-03-13 07:01:09');
INSERT INTO actors (name, created_at, updated_at) VALUES ('リチャード・ハリス','2021-03-13 07:01:09','2021-03-13 07:01:09');
INSERT INTO actors (name, created_at, updated_at) VALUES ('マギー・スミス','2021-03-13 07:01:09','2021-03-13 07:01:09');
INSERT INTO actors (name, created_at, updated_at) VALUES ('アラン・リックマン','2021-03-13 07:01:09','2021-03-13 07:01:09');
INSERT INTO actors (name, created_at, updated_at) VALUES ('イアン・ハート','2021-03-13 07:01:09','2021-03-30 03:55:23');
INSERT INTO actors (name, created_at, updated_at) VALUES ('ロビー・コルトレーン','2021-03-13 07:01:09','2021-03-13 07:01:09');
INSERT INTO actors (name, created_at, updated_at) VALUES ('リチャード・グリフィス','2021-03-13 07:01:09','2021-03-13 07:01:09');
INSERT INTO actors (name, created_at, updated_at) VALUES ('リチャード・ハリス','2021-03-13 07:01:09','2021-03-13 07:01:09');
INSERT INTO actors (name, created_at, updated_at) VALUES ('トム・フェルトン','2021-03-13 07:01:09','2021-03-13 07:01:09');
INSERT INTO actors (name, created_at, updated_at) VALUES ('ゲイリー・オールドマン','2021-03-13 07:01:09','2021-03-13 07:01:09');
INSERT INTO actors (name, created_at, updated_at) VALUES ('マイケル・ガンボン','2021-03-13 07:01:09','2021-03-13 07:01:09');
INSERT INTO actors (name, created_at, updated_at) VALUES ('スターニスラフ・イワネフスキー','2021-03-13 07:01:09','2021-03-13 07:01:09');
INSERT INTO actors (name, created_at, updated_at) VALUES ('ケイティ・ルング','2021-03-13 07:01:09','2021-03-13 07:01:09');
INSERT INTO actors (name, created_at, updated_at) VALUES ('マシュー・ルイス','2021-03-13 07:01:09','2021-03-13 07:01:09');
INSERT INTO actors (name, created_at, updated_at) VALUES ('ロバート・パティンソン','2021-03-13 07:01:09','2021-03-13 07:01:09');
INSERT INTO actors (name, created_at, updated_at) VALUES ('ヘレナ・ボナム=カーター','2021-03-13 07:01:09','2021-03-13 07:01:09');
INSERT INTO actors (name, created_at, updated_at) VALUES ('レイフ・ファインズ','2021-03-13 07:01:09','2021-03-13 07:01:09');
INSERT INTO actors (name, created_at, updated_at) VALUES ('ブレンダン・グリーソン','2021-03-13 07:01:09','2021-03-13 07:01:09');
INSERT INTO actors (name, created_at, updated_at) VALUES ('二宮和也','2021-03-20 08:10:41','2021-03-20 08:10:41');
INSERT INTO actors (name, created_at, updated_at) VALUES ('黒木華','2021-03-20 08:11:02','2021-03-20 08:11:02');
INSERT INTO actors (name, created_at, updated_at) VALUES ('菅田将輝','2021-03-20 08:11:44','2021-03-20 08:11:44');
INSERT INTO actors (name, created_at, updated_at) VALUES ('風吹ジュン','2021-03-20 08:12:02','2021-03-20 08:12:02');
INSERT INTO actors (name, created_at, updated_at) VALUES ('平田満','2021-03-20 08:12:19','2021-03-20 08:12:19');
INSERT INTO actors (name, created_at, updated_at) VALUES ('渡辺真起子','2021-03-20 08:12:33','2021-03-20 08:12:33');
INSERT INTO actors (name, created_at, updated_at) VALUES ('北村有起哉','2021-03-20 08:12:46','2021-03-20 08:12:46');
INSERT INTO actors (name, created_at, updated_at) VALUES ('野波麻帆','2021-03-20 08:12:59','2021-03-20 08:12:59');
INSERT INTO actors (name, created_at, updated_at) VALUES ('妻夫木聡','2021-03-20 08:13:15','2021-03-20 08:13:15');
INSERT INTO actors (name, created_at, updated_at) VALUES ('有村架純','2021-03-29 11:04:58','2021-03-29 11:04:58');
INSERT INTO actors (name, created_at, updated_at) VALUES ('清原果耶','2021-03-29 11:05:10','2021-03-29 11:05:10');
INSERT INTO actors (name, created_at, updated_at) VALUES ('細田佳央太','2021-03-29 11:05:27','2021-03-29 11:05:27');
INSERT INTO actors (name, created_at, updated_at) VALUES ('韓英恵','2021-03-29 11:05:38','2021-03-29 11:05:38');
INSERT INTO actors (name, created_at, updated_at) VALUES ('中崎敏','2021-03-29 11:05:49','2021-03-29 11:05:49');
INSERT INTO actors (name, created_at, updated_at) VALUES ('小久保寿人','2021-03-29 11:06:01','2021-03-29 11:06:01');
INSERT INTO actors (name, created_at, updated_at) VALUES ('瀧内公美','2021-03-29 11:06:23','2021-03-29 11:06:23');
INSERT INTO actors (name, created_at, updated_at) VALUES ('緒方恵美','2021-03-30 05:13:18','2021-03-30 05:13:18');
INSERT INTO actors (name, created_at, updated_at) VALUES ('林原めぐみ','2021-03-30 05:14:34','2021-03-30 05:14:34');
INSERT INTO actors (name, created_at, updated_at) VALUES ('宮村優子','2021-03-30 05:14:46','2021-03-30 05:14:46');
INSERT INTO actors (name, created_at, updated_at) VALUES ('坂本真綾','2021-03-30 05:14:56','2021-03-30 05:14:56');
INSERT INTO actors (name, created_at, updated_at) VALUES ('三石琴乃','2021-03-30 05:15:09','2021-03-30 05:15:09');
INSERT INTO actors (name, created_at, updated_at) VALUES ('山口由里子','2021-03-30 05:15:23','2021-03-30 05:15:23');
INSERT INTO actors (name, created_at, updated_at) VALUES ('石田彰','2021-03-30 05:15:35','2021-03-30 05:15:35');
INSERT INTO actors (name, created_at, updated_at) VALUES ('大泉洋','2021-03-30 08:01:41','2021-03-30 08:01:41');
INSERT INTO actors (name, created_at, updated_at) VALUES ('松岡茉優','2021-03-30 08:01:49','2021-03-30 08:01:49');
INSERT INTO actors (name, created_at, updated_at) VALUES ('宮沢氷魚','2021-03-30 08:01:58','2021-03-30 08:01:58');
INSERT INTO actors (name, created_at, updated_at) VALUES ('池田エライザ','2021-03-30 08:02:15','2021-03-30 08:02:15');
INSERT INTO actors (name, created_at, updated_at) VALUES ('斎藤工','2021-03-30 08:02:37','2021-03-30 08:02:37');
INSERT INTO actors (name, created_at, updated_at) VALUES ('中村倫也（中村友也）','2021-03-30 08:02:46','2021-03-30 08:02:46');
INSERT INTO actors (name, created_at, updated_at) VALUES ('坪倉由幸','2021-03-30 08:02:54','2021-03-30 08:02:54');
INSERT INTO actors (name, created_at, updated_at) VALUES ('和田聰宏','2021-03-30 08:03:03','2021-03-30 08:03:03');
INSERT INTO actors (name, created_at, updated_at) VALUES ('ミラ・ジョヴォヴィッチ','2021-03-30 08:07:21','2021-03-30 08:07:21');
INSERT INTO actors (name, created_at, updated_at) VALUES ('ミーガン・グッド','2021-03-30 08:07:28','2021-03-30 08:07:28');
INSERT INTO actors (name, created_at, updated_at) VALUES ('ロン・パールマン','2021-03-30 08:07:36','2021-03-30 08:07:36');
INSERT INTO actors (name, created_at, updated_at) VALUES ('ディエゴ・ボネータ','2021-03-30 08:07:43','2021-03-30 08:07:43');
INSERT INTO actors (name, created_at, updated_at) VALUES ('トニー・ジャー','2021-03-30 08:07:53','2021-03-30 08:07:53');
INSERT INTO actors (name, created_at, updated_at) VALUES ('ジャージョシュ・ヘルマン','2021-03-30 08:08:01','2021-03-30 08:08:01');
INSERT INTO actors (name, created_at, updated_at) VALUES ('T.I.','2021-03-30 08:08:09','2021-03-30 08:08:09');
INSERT INTO actors (name, created_at, updated_at) VALUES ('フランシス・マクドーマンド','2021-03-30 09:01:04','2021-03-30 09:01:04');
INSERT INTO actors (name, created_at, updated_at) VALUES ('デヴィッド・ストラザーン','2021-03-30 09:01:15','2021-03-30 09:01:15');
INSERT INTO actors (name, created_at, updated_at) VALUES ('リンダ・メイ','2021-03-30 09:01:22','2021-03-30 09:01:22');
INSERT INTO actors (name, created_at, updated_at) VALUES ('Bob Wells','2021-03-30 09:01:29','2021-03-30 09:01:29');
INSERT INTO actors (name, created_at, updated_at) VALUES ('Charlene Swankie','2021-03-30 09:01:37','2021-03-30 09:01:37');
INSERT INTO actors (name, created_at, updated_at) VALUES ('スティーヴン・ユァン','2021-03-30 10:11:04','2021-03-30 10:11:04');
INSERT INTO actors (name, created_at, updated_at) VALUES ('ハン・イェリ','2021-03-30 10:11:11','2021-03-30 10:11:11');
INSERT INTO actors (name, created_at, updated_at) VALUES ('アラン・キム','2021-03-30 10:11:19','2021-03-30 10:11:19');
INSERT INTO actors (name, created_at, updated_at) VALUES ('ネイル・ケイト・チョー','2021-03-30 10:11:28','2021-03-30 10:11:28');
INSERT INTO actors (name, created_at, updated_at) VALUES ('ユン・ヨジョン','2021-03-30 10:11:36','2021-03-30 10:11:36');
INSERT INTO actors (name, created_at, updated_at) VALUES ('ウィル・パットン','2021-03-30 10:11:52','2021-03-30 10:11:52');
INSERT INTO actors (name, created_at, updated_at) VALUES ('成田凌','2021-03-30 10:21:29','2021-03-30 10:21:29');
INSERT INTO actors (name, created_at, updated_at) VALUES ('大谷麻衣','2021-03-30 10:21:54','2021-03-30 10:21:54');
INSERT INTO actors (name, created_at, updated_at) VALUES ('山谷花純','2021-03-30 10:22:05','2021-03-30 10:22:05');
INSERT INTO actors (name, created_at, updated_at) VALUES ('倉悠貴','2021-03-30 10:22:18','2021-03-30 10:22:18');
INSERT INTO actors (name, created_at, updated_at) VALUES ('泉里香','2021-03-30 10:22:25','2021-03-30 10:22:25');
INSERT INTO actors (name, created_at, updated_at) VALUES ('小泉孝太郎','2021-03-30 10:22:33','2021-03-30 10:22:33');
INSERT INTO actors (name, created_at, updated_at) VALUES ('クリス・エヴァンス','2021-04-02 09:17:00','2021-04-02 09:17:00');
INSERT INTO actors (name, created_at, updated_at) VALUES ('マーク・ラファロ','2021-04-02 09:17:11','2021-04-02 09:17:11');
INSERT INTO actors (name, created_at, updated_at) VALUES ('クリス・ヘムズワース','2021-04-02 09:17:21','2021-04-02 09:17:21');
INSERT INTO actors (name, created_at, updated_at) VALUES ('スカーレット・ヨハンソン','2021-04-02 09:17:31','2021-04-02 09:17:31');
INSERT INTO actors (name, created_at, updated_at) VALUES ('ジェレミー・レナー','2021-04-02 09:17:42','2021-04-02 09:17:42');
INSERT INTO actors (name, created_at, updated_at) VALUES ('ジェームズ・スペイダー','2021-04-02 09:18:42','2021-04-02 09:18:42');
INSERT INTO actors (name, created_at, updated_at) VALUES ('エリザベス・オルセン','2021-04-02 09:18:56','2021-04-02 09:18:56');
INSERT INTO actors (name, created_at, updated_at) VALUES ('トム・ヒドルストン','2021-04-02 09:23:52','2021-04-02 09:23:52');
/*!40000 ALTER TABLE actors ENABLE KEYS */;

--
-- Dumping data for table "users"
--

/*!40000 ALTER TABLE users DISABLE KEYS */;
INSERT INTO users (name, email, password_digest, created_at, updated_at, admin) VALUES ('映画大好き','movie0710@hotmail.co.jp','$2a$12$OAYTO8LO54tgpyFALOavLODRpBlpZUIowrYK1sNr.YhdwR/wiAcIi','2021-03-12 10:26:01','2021-03-30 04:32:59','false');
INSERT INTO users (name, email, password_digest, created_at, updated_at, admin) VALUES ('avg','avg0710@yahoo.co.jp','$2a$12$aiAq4ZqrpROhoo0WVKKuQedL05ozZ.KeNF5D.a0TEXJBE.RXfNq5G','2021-03-12 10:26:20','2021-03-30 04:33:51','false');
INSERT INTO users (name, email, password_digest, created_at, updated_at, admin) VALUES ('planet','palnet@softbank.ne.jp','$2a$12$H1a0Bc/MC5wgt4HJrRfhJu8x7cRw.5bOR3KMzAm8MgKtT0L0p1wn.','2021-03-13 05:11:02','2021-03-30 04:34:51','false');
INSERT INTO users (name, email, password_digest, created_at, updated_at, admin) VALUES ('makio.mizutani''','makio.mizutani0710@gmail.com','$2a$12$n.58dEwA7Enbp8YHFHAWlOeHtQSbI/.BVt2VjzMXUchL0xrbteld6','2021-03-19 08:33:12','2021-03-30 04:30:46','true');
/*!40000 ALTER TABLE users ENABLE KEYS */;

--
-- Dumping data for table "comments"
--

/*!40000 ALTER TABLE comments DISABLE KEYS */;
INSERT INTO comments (user_id, movie_id, comment, created_at, updated_at, rate) VALUES (2,16,'終わってしまった。\r\n1〜6を見直さずに観てしまったので、再び現れるキャラクター達の登場にそこまで感動出来なかったが、十分楽しかった！\r\n最後は希望が勝つ感じも好きな終わり方だった。','2021-03-13 05:10:13','2021-03-30 05:40:24',2.97625);
INSERT INTO comments (user_id, movie_id, comment, created_at, updated_at, rate) VALUES (3,16,'終わってしまった。\r\n1〜6を見直さずに観てしまったので、再び現れるキャラクター達の登場にそこまで感動出来なかったが、十分楽しかった！\r\n最後は希望が勝つ感じも好きな終わり方だった。','2021-03-13 05:13:30','2021-03-30 04:58:37',2.67625);
INSERT INTO comments (user_id, movie_id, comment, created_at, updated_at, rate) VALUES (1,7,'kfsfksaklfaspfl','2021-03-13 06:03:10','2021-03-15 04:17:32',3.5);
INSERT INTO comments (user_id, movie_id, comment, created_at, updated_at, rate) VALUES (1,6,'iujkojnkm','2021-03-15 14:23:10','2021-03-15 14:23:10',3);
INSERT INTO comments (user_id, movie_id, comment, created_at, updated_at, rate) VALUES (1,15,'kvfwdkcおsc','2021-03-16 05:24:08','2021-03-16 05:24:08',2.53625);
INSERT INTO comments (user_id, movie_id, comment, created_at, updated_at, rate) VALUES (4,7,'えっ え〜…なんか…思ってたより怖い映画だった 少年少女のひと夏の青春ムービーだと思って騙された いや確かに少年少女のひと夏の青春ムービーだったんですが、色んなものを詰めすぎ エンドゲーム見た2日後に見る映画ではなかった…だってツタヤの返却期限が迫ってたから…\r\n自分たちの生活を脅かす奴らが宇宙やら異次元やらから現れるたびにヒーローが立ち上がり必ず世界を救ってきた、救われてきた、人々はずっとそんな状況下にいたから仕方ないのかもしれないけど、これまで戦ってきたヒーローを失ったばかりなのに、新しいヒーローが登場したらすぐカッコいい！ステキ！あのヒーローの名前は？ってなるの普通にショックだった ていうかこの世界におけるヒーローってファーストアベンジャーの登場時点で既にある意味エンタメ的存在なんだよね ここまで考えてそもそも私もエンタメとして彼らの戦いを楽しんで眺めてるじゃん、って気づいてヤ、ヤダ〜…になった 今更か？\r\nこれまでもCGが多用されてきた映画シリーズの作中で「これはCG映像です！」「これは本物の映像です！」「と見せかけてやっぱりCGです！」「そして今僕が身につけているこれはモーションキャプチャースーツです！」ってやってくるのヤバいし、「何が本当で何が嘘か君には見抜けるかなスパイダーマンくん」というのを散々やった締めで「ちなみにこれまで我々の作品をずっと見てきてくれた観客の皆さんはどうですか？」をやってくるのもヤバすぎて脳バグった 助けてください\r\n「大衆は新たなヒーローを求めている、次はお前の番だ」というラストも衝撃 トニー本人の 「私がアイアンマンだ」で始まったストーリーはジェイ・ジョナ・ジェイムソンの「スパイダーマンの正体はピーター・パーカーだ！」で締めくくられ、作品間の壁は壊され、世代交代の宣言と共に新章に突入する これを楽しみ！というよりどうしても恐ろしいと感じてしまうのはやっぱりピーターが高校生だからだと思う ずっと親愛なる隣人ではいられないのかな エンドゲームのラストを見ているときに「あ〜ファーフロムホームってそういう…」と思ったけど次は「ノーウェイホーム」か…','2021-03-24 09:28:05','2021-03-30 05:20:59',2.79625);
INSERT INTO comments (user_id, movie_id, comment, created_at, updated_at, rate) VALUES (3,33,'心温まる家族の話！！\r\n今は気軽にスマホで写真が撮れる時代だけど、やっぱり現像されたものは特別だし、大切な思い出として残るなあと。\r\n\r\n\r\n政志の飄々として掴みどころがないけど人たらしで憎めない感じが二宮くんぴったりでした。\r\n妻夫木さんいいお兄ちゃんでした。あれだけ普通のいい人を演じられるのもすごい。\r\n黒木華ちゃんの役もすごい好きです！！\r\n菅田くんは言われなかったらわからないくらい完全にオーラを消し去って馴染んでて本当にすごい役者さんだなって思いました。\r\nこれだけアカデミー賞受賞者が集まってる映画なかなかないよね。すごすぎ。\r\n\r\n監督も言ってたけど、200万円のシーン好きです笑\r\nあと最後のオチも最高。浅田家らしい！','2021-03-30 05:08:33','2021-03-30 05:08:33',2.83313);
INSERT INTO comments (user_id, movie_id, comment, created_at, updated_at, rate) VALUES (3,34,'就職など歳をとっていくにつれて大事なこと、好きなことの優先順位が下がってだんだん好きじゃなくなって、忘れていくのはしょうがないと思うけれど、出来るだけ忘れたくないなと思いたい。','2021-03-30 05:11:54','2021-03-30 05:11:54',4.49312);
INSERT INTO comments (user_id, movie_id, comment, created_at, updated_at, rate) VALUES (3,29,'こんなにハマったアニメは初めて。\r\n見るごとに色んな解釈ができるようになるし、旧劇から新劇で庵野監督が精神的に落ち着いたことが伺えて良かった。笑\r\nシリーズ通して納得いく終わり方だったと思う。\r\nかと言って理解できないところ多々なので、はやくDVD出ないかな','2021-03-30 05:12:54','2021-03-30 05:12:54',4.81125);
INSERT INTO comments (user_id, movie_id, comment, created_at, updated_at, rate) VALUES (4,4,'スパイダーマンも好きやったけど\r\nアメイジングスパイダーマンも好きやった！\r\nめっちゃ良い〜かっこいい！！','2021-03-30 05:21:37','2021-04-02 08:36:37',3.73344);

/*!40000 ALTER TABLE comments ENABLE KEYS */;

--
-- Dumping data for table "directors"
--

/*!40000 ALTER TABLE directors DISABLE KEYS */;
INSERT INTO directors (name, created_at, updated_at) VALUES ('サム・ライミ','2021-03-13 07:01:09','2021-03-26 06:45:38');
INSERT INTO directors (name, created_at, updated_at) VALUES ('マーク・ウェブ','2021-03-13 07:01:09','2021-03-13 07:01:09');
INSERT INTO directors (name, created_at, updated_at) VALUES ('ジョン・ワッツ','2021-03-13 07:01:09','2021-03-13 07:01:09');
INSERT INTO directors (name, created_at, updated_at) VALUES ('ジョージ・ルーカス','2021-03-13 07:01:09','2021-03-13 07:01:09');
INSERT INTO directors (name, created_at, updated_at) VALUES ('アーヴィン・カーシュナー','2021-03-13 07:01:09','2021-03-13 07:01:09');
INSERT INTO directors (name, created_at, updated_at) VALUES ('リチャード・マーカンド','2021-03-13 07:01:09','2021-03-13 07:01:09');
INSERT INTO directors (name, created_at, updated_at) VALUES ('J・J・エイブラムス','2021-03-13 07:01:09','2021-03-13 07:01:09');
INSERT INTO directors (name, created_at, updated_at) VALUES ('ライアン・ジョンソン','2021-03-13 07:01:09','2021-03-13 07:01:09');
INSERT INTO directors (name, created_at, updated_at) VALUES ('クリス・コロンバス','2021-03-13 07:01:09','2021-03-13 07:01:09');
INSERT INTO directors (name, created_at, updated_at) VALUES ('アルフォンソ・キュアロン','2021-03-13 07:01:09','2021-03-13 07:01:09');
INSERT INTO directors (name, created_at, updated_at) VALUES ('マイク・ニューウェル','2021-03-13 07:01:09','2021-03-13 07:01:09');
INSERT INTO directors (name, created_at, updated_at) VALUES ('デヴィッド・イェーツ','2021-03-13 07:01:09','2021-03-13 07:01:09');
INSERT INTO directors (name, created_at, updated_at) VALUES ('ジョン・ファブロー','2021-03-13 07:01:09','2021-03-13 07:01:09');
INSERT INTO directors (name, created_at, updated_at) VALUES ('ゴア・ヴァービンスキー','2021-03-13 07:01:09','2021-03-13 07:01:09');
INSERT INTO directors (name, created_at, updated_at) VALUES ('マイケル・ベイ','2021-03-19 09:50:56','2021-03-19 09:50:56');
INSERT INTO directors (name, created_at, updated_at) VALUES ('中野量太','2021-03-26 12:30:00','2021-03-26 12:30:00');
INSERT INTO directors (name, created_at, updated_at) VALUES ('庵野秀明','2021-03-29 04:34:30','2021-03-29 04:34:30');
INSERT INTO directors (name, created_at, updated_at) VALUES ('土井裕泰','2021-03-29 04:48:17','2021-03-29 04:48:17');
INSERT INTO directors (name, created_at, updated_at) VALUES ('堀貴秀','2021-03-29 06:58:48','2021-03-29 06:58:48');
INSERT INTO directors (name, created_at, updated_at) VALUES ('吉田大八','2021-03-30 08:01:01','2021-03-30 08:01:01');
INSERT INTO directors (name, created_at, updated_at) VALUES ('ポール・W・S・アンダーソン','2021-03-30 08:04:49','2021-03-30 08:04:49');
INSERT INTO directors (name, created_at, updated_at) VALUES ('クリストファー・ノーラン','2021-03-30 08:09:43','2021-03-30 08:09:43');
INSERT INTO directors (name, created_at, updated_at) VALUES ('ティム・ストーリー','2021-03-30 08:15:57','2021-03-30 08:15:57');
INSERT INTO directors (name, created_at, updated_at) VALUES ('フランソワ・オゾン','2021-03-30 08:29:11','2021-03-30 08:29:11');
INSERT INTO directors (name, created_at, updated_at) VALUES ('クロエ・ジャオ ','2021-03-30 08:56:03','2021-03-30 08:56:03');
INSERT INTO directors (name, created_at, updated_at) VALUES ('リー・アイザック・チョン','2021-03-30 09:44:06','2021-03-30 09:44:06');
INSERT INTO directors (name, created_at, updated_at) VALUES ('前田弘二','2021-03-30 10:19:47','2021-03-30 10:19:47');
INSERT INTO directors (name, created_at, updated_at) VALUES ('ジョス・ウェドン','2021-04-02 09:10:01','2021-04-02 09:10:01');

/*!40000 ALTER TABLE directors ENABLE KEYS */;

--
-- Dumping data for table "favorites"
--

/*!40000 ALTER TABLE favorites DISABLE KEYS */;
INSERT INTO favorites (user_id, comment_id, created_at, updated_at) VALUES (3,2,'2021-03-30 04:35:13','2021-03-30 04:35:13');
INSERT INTO favorites (user_id, comment_id, created_at, updated_at) VALUES (3,3,'2021-03-30 04:35:18','2021-03-30 04:35:18');
INSERT INTO favorites (user_id, comment_id, created_at, updated_at) VALUES (4,10,'2021-03-30 05:37:10','2021-03-30 05:37:10');
INSERT INTO favorites (user_id, comment_id, created_at, updated_at) VALUES (4,9,'2021-03-30 05:37:20','2021-03-30 05:37:20');
INSERT INTO favorites (user_id, comment_id, created_at, updated_at) VALUES (4,8,'2021-03-30 05:37:28','2021-03-30 05:37:28');
INSERT INTO favorites (user_id, comment_id, created_at, updated_at) VALUES (4,2,'2021-03-30 05:37:35','2021-03-30 05:37:35');
INSERT INTO favorites (user_id, comment_id, created_at, updated_at) VALUES (4,3,'2021-03-30 05:37:37','2021-03-30 05:37:37');
INSERT INTO favorites (user_id, comment_id, created_at, updated_at) VALUES (2,3,'2021-03-30 05:40:38','2021-03-30 05:40:38');
/*!40000 ALTER TABLE favorites ENABLE KEYS */;

--
-- Dumping data for table "junles"
--

/*!40000 ALTER TABLE junles DISABLE KEYS */;
INSERT INTO junles (name, created_at, updated_at) VALUES ('アクション','2021-03-13 07:01:09','2021-03-13 07:01:09');
INSERT INTO junles (name, created_at, updated_at) VALUES ('コメディ','2021-03-13 07:01:09','2021-03-13 07:01:09');
INSERT INTO junles (name, created_at, updated_at) VALUES ('恋愛','2021-03-13 07:01:09','2021-03-13 07:01:09');
INSERT INTO junles (name, created_at, updated_at) VALUES ('青春','2021-03-13 07:01:09','2021-03-13 07:01:09');
INSERT INTO junles (name, created_at, updated_at) VALUES ('SF','2021-03-13 07:01:09','2021-03-13 07:01:09');
INSERT INTO junles (name, created_at, updated_at) VALUES ('サスペンス','2021-03-13 07:01:09','2021-03-13 07:01:09');
INSERT INTO junles (name, created_at, updated_at) VALUES ('ミステリー','2021-03-13 07:01:09','2021-03-13 07:01:09');
INSERT INTO junles (name, created_at, updated_at) VALUES ('ミュージカル','2021-03-13 07:01:09','2021-03-13 07:01:09');
INSERT INTO junles (name, created_at, updated_at) VALUES ('アドベンチャー','2021-03-13 07:01:09','2021-03-13 07:01:09');
INSERT INTO junles (name, created_at, updated_at) VALUES ('冒険','2021-03-13 07:01:09','2021-03-13 07:01:09');
INSERT INTO junles (name, created_at, updated_at) VALUES ('ファンタジー','2021-03-13 07:01:09','2021-03-13 07:01:09');
INSERT INTO junles (name, created_at, updated_at) VALUES ('歴史','2021-03-13 07:01:09','2021-03-13 07:01:09');
INSERT INTO junles (name, created_at, updated_at) VALUES ('戦争','2021-03-13 07:01:09','2021-03-13 07:01:09');
INSERT INTO junles (name, created_at, updated_at) VALUES ('伝記','2021-03-13 07:01:09','2021-03-13 07:01:09');
INSERT INTO junles (name, created_at, updated_at) VALUES ('パニック','2021-03-13 07:01:09','2021-03-13 07:01:09');
INSERT INTO junles (name, created_at, updated_at) VALUES ('ファミリー','2021-03-13 07:01:09','2021-03-13 07:01:09');
INSERT INTO junles (name, created_at, updated_at) VALUES ('スポーツ','2021-03-13 07:01:09','2021-03-13 07:01:09');
INSERT INTO junles (name, created_at, updated_at) VALUES ('ホラー','2021-03-13 07:01:09','2021-03-13 07:01:09');
INSERT INTO junles (name, created_at, updated_at) VALUES ('ドラマ','2021-03-13 07:01:09','2021-03-13 07:01:09');
INSERT INTO junles (name, created_at, updated_at) VALUES ('アニメーション','2021-03-13 07:01:09','2021-03-13 07:01:09');
/*!40000 ALTER TABLE junles ENABLE KEYS */;

--
-- Dumping data for table "movie_actors"
--

/*!40000 ALTER TABLE movie_actors DISABLE KEYS */;
INSERT INTO movie_actors (actor_id, movie_id, created_at, updated_at) VALUES (1,1,'2021-03-13 07:01:09','2021-03-13 07:01:09');
INSERT INTO movie_actors (actor_id, movie_id, created_at, updated_at) VALUES (2,1,'2021-03-13 07:01:09','2021-03-13 07:01:09');
INSERT INTO movie_actors (actor_id, movie_id, created_at, updated_at) VALUES (3,1,'2021-03-13 07:01:09','2021-03-13 07:01:09');
INSERT INTO movie_actors (actor_id, movie_id, created_at, updated_at) VALUES (4,1,'2021-03-13 07:01:09','2021-03-13 07:01:09');
INSERT INTO movie_actors (actor_id, movie_id, created_at, updated_at) VALUES (5,1,'2021-03-13 07:01:09','2021-03-13 07:01:09');
INSERT INTO movie_actors (actor_id, movie_id, created_at, updated_at) VALUES (6,1,'2021-03-13 07:01:09','2021-03-13 07:01:09');
INSERT INTO movie_actors (actor_id, movie_id, created_at, updated_at) VALUES (7,1,'2021-03-13 07:01:09','2021-03-13 07:01:09');
INSERT INTO movie_actors (actor_id, movie_id, created_at, updated_at) VALUES (8,1,'2021-03-13 07:01:09','2021-03-13 07:01:09');
INSERT INTO movie_actors (actor_id, movie_id, created_at, updated_at) VALUES (1,2,'2021-03-13 07:01:09','2021-03-13 07:01:09');
INSERT INTO movie_actors (actor_id, movie_id, created_at, updated_at) VALUES (3,2,'2021-03-13 07:01:09','2021-03-13 07:01:09');
INSERT INTO movie_actors (actor_id, movie_id, created_at, updated_at) VALUES (9,2,'2021-03-13 07:01:09','2021-03-13 07:01:09');
INSERT INTO movie_actors (actor_id, movie_id, created_at, updated_at) VALUES (4,2,'2021-03-13 07:01:09','2021-03-13 07:01:09');
INSERT INTO movie_actors (actor_id, movie_id, created_at, updated_at) VALUES (7,2,'2021-03-13 07:01:09','2021-03-13 07:01:09');
INSERT INTO movie_actors (actor_id, movie_id, created_at, updated_at) VALUES (5,2,'2021-03-13 07:01:09','2021-03-13 07:01:09');
INSERT INTO movie_actors (actor_id, movie_id, created_at, updated_at) VALUES (1,3,'2021-03-13 07:01:09','2021-03-13 07:01:09');
INSERT INTO movie_actors (actor_id, movie_id, created_at, updated_at) VALUES (3,3,'2021-03-13 07:01:09','2021-03-13 07:01:09');
INSERT INTO movie_actors (actor_id, movie_id, created_at, updated_at) VALUES (4,3,'2021-03-13 07:01:09','2021-03-13 07:01:09');
INSERT INTO movie_actors (actor_id, movie_id, created_at, updated_at) VALUES (10,3,'2021-03-13 07:01:09','2021-03-13 07:01:09');
INSERT INTO movie_actors (actor_id, movie_id, created_at, updated_at) VALUES (11,3,'2021-03-13 07:01:09','2021-03-13 07:01:09');
INSERT INTO movie_actors (actor_id, movie_id, created_at, updated_at) VALUES (12,3,'2021-03-13 07:01:09','2021-03-13 07:01:09');
INSERT INTO movie_actors (actor_id, movie_id, created_at, updated_at) VALUES (7,3,'2021-03-13 07:01:09','2021-03-13 07:01:09');
INSERT INTO movie_actors (actor_id, movie_id, created_at, updated_at) VALUES (5,3,'2021-03-13 07:01:09','2021-03-13 07:01:09');
INSERT INTO movie_actors (actor_id, movie_id, created_at, updated_at) VALUES (13,4,'2021-03-13 07:01:09','2021-03-13 07:01:09');
INSERT INTO movie_actors (actor_id, movie_id, created_at, updated_at) VALUES (14,4,'2021-03-13 07:01:09','2021-03-13 07:01:09');
INSERT INTO movie_actors (actor_id, movie_id, created_at, updated_at) VALUES (15,4,'2021-03-13 07:01:09','2021-03-13 07:01:09');
INSERT INTO movie_actors (actor_id, movie_id, created_at, updated_at) VALUES (16,4,'2021-03-13 07:01:09','2021-03-13 07:01:09');
INSERT INTO movie_actors (actor_id, movie_id, created_at, updated_at) VALUES (17,4,'2021-03-13 07:01:09','2021-03-13 07:01:09');
INSERT INTO movie_actors (actor_id, movie_id, created_at, updated_at) VALUES (18,4,'2021-03-13 07:01:09','2021-03-13 07:01:09');
INSERT INTO movie_actors (actor_id, movie_id, created_at, updated_at) VALUES (13,5,'2021-03-13 07:01:09','2021-03-13 07:01:09');
INSERT INTO movie_actors (actor_id, movie_id, created_at, updated_at) VALUES (14,5,'2021-03-13 07:01:09','2021-03-13 07:01:09');
INSERT INTO movie_actors (actor_id, movie_id, created_at, updated_at) VALUES (18,5,'2021-03-13 07:01:09','2021-03-13 07:01:09');
INSERT INTO movie_actors (actor_id, movie_id, created_at, updated_at) VALUES (19,5,'2021-03-13 07:01:09','2021-03-13 07:01:09');
INSERT INTO movie_actors (actor_id, movie_id, created_at, updated_at) VALUES (20,5,'2021-03-13 07:01:09','2021-03-13 07:01:09');
INSERT INTO movie_actors (actor_id, movie_id, created_at, updated_at) VALUES (21,6,'2021-03-13 07:01:09','2021-03-13 07:01:09');
INSERT INTO movie_actors (actor_id, movie_id, created_at, updated_at) VALUES (22,6,'2021-03-13 07:01:09','2021-03-13 07:01:09');
INSERT INTO movie_actors (actor_id, movie_id, created_at, updated_at) VALUES (23,6,'2021-03-13 07:01:09','2021-03-13 07:01:09');
INSERT INTO movie_actors (actor_id, movie_id, created_at, updated_at) VALUES (24,6,'2021-03-13 07:01:09','2021-03-13 07:01:09');
INSERT INTO movie_actors (actor_id, movie_id, created_at, updated_at) VALUES (25,6,'2021-03-13 07:01:09','2021-03-13 07:01:09');
INSERT INTO movie_actors (actor_id, movie_id, created_at, updated_at) VALUES (26,6,'2021-03-13 07:01:09','2021-03-13 07:01:09');
INSERT INTO movie_actors (actor_id, movie_id, created_at, updated_at) VALUES (27,6,'2021-03-13 07:01:09','2021-03-13 07:01:09');
INSERT INTO movie_actors (actor_id, movie_id, created_at, updated_at) VALUES (28,6,'2021-03-13 07:01:09','2021-03-13 07:01:09');
INSERT INTO movie_actors (actor_id, movie_id, created_at, updated_at) VALUES (21,7,'2021-03-13 07:01:09','2021-03-13 07:01:09');
INSERT INTO movie_actors (actor_id, movie_id, created_at, updated_at) VALUES (27,7,'2021-03-13 07:01:09','2021-03-13 07:01:09');
INSERT INTO movie_actors (actor_id, movie_id, created_at, updated_at) VALUES (28,7,'2021-03-13 07:01:09','2021-03-13 07:01:09');
INSERT INTO movie_actors (actor_id, movie_id, created_at, updated_at) VALUES (29,7,'2021-03-13 07:01:09','2021-03-13 07:01:09');
INSERT INTO movie_actors (actor_id, movie_id, created_at, updated_at) VALUES (25,7,'2021-03-13 07:01:09','2021-03-13 07:01:09');
INSERT INTO movie_actors (actor_id, movie_id, created_at, updated_at) VALUES (30,7,'2021-03-13 07:01:10','2021-03-13 07:01:10');
INSERT INTO movie_actors (actor_id, movie_id, created_at, updated_at) VALUES (24,7,'2021-03-13 07:01:10','2021-03-13 07:01:10');
INSERT INTO movie_actors (actor_id, movie_id, created_at, updated_at) VALUES (31,7,'2021-03-13 07:01:10','2021-03-13 07:01:10');
INSERT INTO movie_actors (actor_id, movie_id, created_at, updated_at) VALUES (32,8,'2021-03-13 07:01:10','2021-03-13 07:01:10');
INSERT INTO movie_actors (actor_id, movie_id, created_at, updated_at) VALUES (33,8,'2021-03-13 07:01:10','2021-03-13 07:01:10');
INSERT INTO movie_actors (actor_id, movie_id, created_at, updated_at) VALUES (34,8,'2021-03-13 07:01:10','2021-03-13 07:01:10');
INSERT INTO movie_actors (actor_id, movie_id, created_at, updated_at) VALUES (35,8,'2021-03-13 07:01:10','2021-03-13 07:01:10');
INSERT INTO movie_actors (actor_id, movie_id, created_at, updated_at) VALUES (36,8,'2021-03-13 07:01:10','2021-03-13 07:01:10');
INSERT INTO movie_actors (actor_id, movie_id, created_at, updated_at) VALUES (37,8,'2021-03-13 07:01:10','2021-03-13 07:01:10');
INSERT INTO movie_actors (actor_id, movie_id, created_at, updated_at) VALUES (38,8,'2021-03-13 07:01:10','2021-03-13 07:01:10');
INSERT INTO movie_actors (actor_id, movie_id, created_at, updated_at) VALUES (39,8,'2021-03-13 07:01:10','2021-03-13 07:01:10');
INSERT INTO movie_actors (actor_id, movie_id, created_at, updated_at) VALUES (40,8,'2021-03-13 07:01:10','2021-03-13 07:01:10');
INSERT INTO movie_actors (actor_id, movie_id, created_at, updated_at) VALUES (33,9,'2021-03-13 07:01:10','2021-03-13 07:01:10');
INSERT INTO movie_actors (actor_id, movie_id, created_at, updated_at) VALUES (34,9,'2021-03-13 07:01:10','2021-03-13 07:01:10');
INSERT INTO movie_actors (actor_id, movie_id, created_at, updated_at) VALUES (41,9,'2021-03-13 07:01:10','2021-03-13 07:01:10');
INSERT INTO movie_actors (actor_id, movie_id, created_at, updated_at) VALUES (36,9,'2021-03-13 07:01:10','2021-03-13 07:01:10');
INSERT INTO movie_actors (actor_id, movie_id, created_at, updated_at) VALUES (37,9,'2021-03-13 07:01:10','2021-03-13 07:01:10');
INSERT INTO movie_actors (actor_id, movie_id, created_at, updated_at) VALUES (39,9,'2021-03-13 07:01:10','2021-03-13 07:01:10');
INSERT INTO movie_actors (actor_id, movie_id, created_at, updated_at) VALUES (30,9,'2021-03-13 07:01:10','2021-03-13 07:01:10');
INSERT INTO movie_actors (actor_id, movie_id, created_at, updated_at) VALUES (40,9,'2021-03-13 07:01:10','2021-03-13 07:01:10');
INSERT INTO movie_actors (actor_id, movie_id, created_at, updated_at) VALUES (33,10,'2021-03-13 07:01:10','2021-03-13 07:01:10');
INSERT INTO movie_actors (actor_id, movie_id, created_at, updated_at) VALUES (34,10,'2021-03-13 07:01:10','2021-03-13 07:01:10');
INSERT INTO movie_actors (actor_id, movie_id, created_at, updated_at) VALUES (41,10,'2021-03-13 07:01:10','2021-03-13 07:01:10');
INSERT INTO movie_actors (actor_id, movie_id, created_at, updated_at) VALUES (36,10,'2021-03-13 07:01:10','2021-03-13 07:01:10');
INSERT INTO movie_actors (actor_id, movie_id, created_at, updated_at) VALUES (30,10,'2021-03-13 07:01:10','2021-03-13 07:01:10');
INSERT INTO movie_actors (actor_id, movie_id, created_at, updated_at) VALUES (42,10,'2021-03-13 07:01:10','2021-03-13 07:01:10');
INSERT INTO movie_actors (actor_id, movie_id, created_at, updated_at) VALUES (39,10,'2021-03-13 07:01:10','2021-03-13 07:01:10');
INSERT INTO movie_actors (actor_id, movie_id, created_at, updated_at) VALUES (40,10,'2021-03-13 07:01:10','2021-03-13 07:01:10');
INSERT INTO movie_actors (actor_id, movie_id, created_at, updated_at) VALUES (43,10,'2021-03-13 07:01:10','2021-03-13 07:01:10');
INSERT INTO movie_actors (actor_id, movie_id, created_at, updated_at) VALUES (44,11,'2021-03-13 07:01:10','2021-03-13 07:01:10');
INSERT INTO movie_actors (actor_id, movie_id, created_at, updated_at) VALUES (45,11,'2021-03-13 07:01:10','2021-03-13 07:01:10');
INSERT INTO movie_actors (actor_id, movie_id, created_at, updated_at) VALUES (46,11,'2021-03-13 07:01:10','2021-03-13 07:01:10');
INSERT INTO movie_actors (actor_id, movie_id, created_at, updated_at) VALUES (47,11,'2021-03-13 07:01:10','2021-03-13 07:01:10');
INSERT INTO movie_actors (actor_id, movie_id, created_at, updated_at) VALUES (48,11,'2021-03-13 07:01:10','2021-03-13 07:01:10');
INSERT INTO movie_actors (actor_id, movie_id, created_at, updated_at) VALUES (39,11,'2021-03-13 07:01:10','2021-03-13 07:01:10');
INSERT INTO movie_actors (actor_id, movie_id, created_at, updated_at) VALUES (40,11,'2021-03-13 07:01:10','2021-03-13 07:01:10');
INSERT INTO movie_actors (actor_id, movie_id, created_at, updated_at) VALUES (49,11,'2021-03-13 07:01:10','2021-03-13 07:01:10');
INSERT INTO movie_actors (actor_id, movie_id, created_at, updated_at) VALUES (50,11,'2021-03-13 07:01:10','2021-03-13 07:01:10');
INSERT INTO movie_actors (actor_id, movie_id, created_at, updated_at) VALUES (44,12,'2021-03-13 07:01:10','2021-03-13 07:01:10');
INSERT INTO movie_actors (actor_id, movie_id, created_at, updated_at) VALUES (45,12,'2021-03-13 07:01:10','2021-03-13 07:01:10');
INSERT INTO movie_actors (actor_id, movie_id, created_at, updated_at) VALUES (46,12,'2021-03-13 07:01:10','2021-03-13 07:01:10');
INSERT INTO movie_actors (actor_id, movie_id, created_at, updated_at) VALUES (39,12,'2021-03-13 07:01:10','2021-03-13 07:01:10');
INSERT INTO movie_actors (actor_id, movie_id, created_at, updated_at) VALUES (51,12,'2021-03-13 07:01:10','2021-03-13 07:01:10');
INSERT INTO movie_actors (actor_id, movie_id, created_at, updated_at) VALUES (50,12,'2021-03-13 07:01:10','2021-03-13 07:01:10');
INSERT INTO movie_actors (actor_id, movie_id, created_at, updated_at) VALUES (49,12,'2021-03-13 07:01:10','2021-03-13 07:01:10');
INSERT INTO movie_actors (actor_id, movie_id, created_at, updated_at) VALUES (40,12,'2021-03-13 07:01:10','2021-03-13 07:01:10');
INSERT INTO movie_actors (actor_id, movie_id, created_at, updated_at) VALUES (44,13,'2021-03-13 07:01:10','2021-03-13 07:01:10');
INSERT INTO movie_actors (actor_id, movie_id, created_at, updated_at) VALUES (45,13,'2021-03-13 07:01:10','2021-03-13 07:01:10');
INSERT INTO movie_actors (actor_id, movie_id, created_at, updated_at) VALUES (46,13,'2021-03-13 07:01:10','2021-03-13 07:01:10');
INSERT INTO movie_actors (actor_id, movie_id, created_at, updated_at) VALUES (39,13,'2021-03-13 07:01:10','2021-03-13 07:01:10');
INSERT INTO movie_actors (actor_id, movie_id, created_at, updated_at) VALUES (40,13,'2021-03-13 07:01:10','2021-03-13 07:01:10');
INSERT INTO movie_actors (actor_id, movie_id, created_at, updated_at) VALUES (51,13,'2021-03-13 07:01:10','2021-03-13 07:01:10');
INSERT INTO movie_actors (actor_id, movie_id, created_at, updated_at) VALUES (47,13,'2021-03-13 07:01:10','2021-03-13 07:01:10');
INSERT INTO movie_actors (actor_id, movie_id, created_at, updated_at) VALUES (50,13,'2021-03-13 07:01:10','2021-03-13 07:01:10');
INSERT INTO movie_actors (actor_id, movie_id, created_at, updated_at) VALUES (49,13,'2021-03-13 07:01:10','2021-03-13 07:01:10');
INSERT INTO movie_actors (actor_id, movie_id, created_at, updated_at) VALUES (45,14,'2021-03-13 07:01:10','2021-03-13 07:01:10');
INSERT INTO movie_actors (actor_id, movie_id, created_at, updated_at) VALUES (52,14,'2021-03-13 07:01:10','2021-03-13 07:01:10');
INSERT INTO movie_actors (actor_id, movie_id, created_at, updated_at) VALUES (46,14,'2021-03-13 07:01:10','2021-03-13 07:01:10');
INSERT INTO movie_actors (actor_id, movie_id, created_at, updated_at) VALUES (44,14,'2021-03-13 07:01:10','2021-03-13 07:01:10');
INSERT INTO movie_actors (actor_id, movie_id, created_at, updated_at) VALUES (39,14,'2021-03-13 07:01:10','2021-03-13 07:01:10');
INSERT INTO movie_actors (actor_id, movie_id, created_at, updated_at) VALUES (49,14,'2021-03-13 07:01:10','2021-03-13 07:01:10');
INSERT INTO movie_actors (actor_id, movie_id, created_at, updated_at) VALUES (40,14,'2021-03-13 07:01:10','2021-03-13 07:01:10');
INSERT INTO movie_actors (actor_id, movie_id, created_at, updated_at) VALUES (53,14,'2021-03-13 07:01:10','2021-03-13 07:01:10');
INSERT INTO movie_actors (actor_id, movie_id, created_at, updated_at) VALUES (54,14,'2021-03-13 07:01:10','2021-03-13 07:01:10');
INSERT INTO movie_actors (actor_id, movie_id, created_at, updated_at) VALUES (55,14,'2021-03-13 07:01:10','2021-03-13 07:01:10');
INSERT INTO movie_actors (actor_id, movie_id, created_at, updated_at) VALUES (44,15,'2021-03-13 07:01:10','2021-03-13 07:01:10');
INSERT INTO movie_actors (actor_id, movie_id, created_at, updated_at) VALUES (46,15,'2021-03-13 07:01:10','2021-03-13 07:01:10');
INSERT INTO movie_actors (actor_id, movie_id, created_at, updated_at) VALUES (54,15,'2021-03-13 07:01:10','2021-03-13 07:01:10');
INSERT INTO movie_actors (actor_id, movie_id, created_at, updated_at) VALUES (55,15,'2021-03-13 07:01:10','2021-03-13 07:01:10');
INSERT INTO movie_actors (actor_id, movie_id, created_at, updated_at) VALUES (52,15,'2021-03-13 07:01:10','2021-03-13 07:01:10');
INSERT INTO movie_actors (actor_id, movie_id, created_at, updated_at) VALUES (53,15,'2021-03-13 07:01:10','2021-03-13 07:01:10');
INSERT INTO movie_actors (actor_id, movie_id, created_at, updated_at) VALUES (56,15,'2021-03-13 07:01:10','2021-03-13 07:01:10');
INSERT INTO movie_actors (actor_id, movie_id, created_at, updated_at) VALUES (57,15,'2021-03-13 07:01:10','2021-03-13 07:01:10');
INSERT INTO movie_actors (actor_id, movie_id, created_at, updated_at) VALUES (52,16,'2021-03-13 07:01:10','2021-03-13 07:01:10');
INSERT INTO movie_actors (actor_id, movie_id, created_at, updated_at) VALUES (46,16,'2021-03-13 07:01:10','2021-03-13 07:01:10');
INSERT INTO movie_actors (actor_id, movie_id, created_at, updated_at) VALUES (44,16,'2021-03-13 07:01:10','2021-03-13 07:01:10');
INSERT INTO movie_actors (actor_id, movie_id, created_at, updated_at) VALUES (54,16,'2021-03-13 07:01:10','2021-03-13 07:01:10');
INSERT INTO movie_actors (actor_id, movie_id, created_at, updated_at) VALUES (55,16,'2021-03-13 07:01:10','2021-03-13 07:01:10');
INSERT INTO movie_actors (actor_id, movie_id, created_at, updated_at) VALUES (53,16,'2021-03-13 07:01:10','2021-03-13 07:01:10');
INSERT INTO movie_actors (actor_id, movie_id, created_at, updated_at) VALUES (39,16,'2021-03-13 07:01:10','2021-03-13 07:01:10');
INSERT INTO movie_actors (actor_id, movie_id, created_at, updated_at) VALUES (57,16,'2021-03-13 07:01:10','2021-03-13 07:01:10');
INSERT INTO movie_actors (actor_id, movie_id, created_at, updated_at) VALUES (58,17,'2021-03-13 07:01:10','2021-03-13 07:01:10');
INSERT INTO movie_actors (actor_id, movie_id, created_at, updated_at) VALUES (59,17,'2021-03-13 07:01:10','2021-03-13 07:01:10');
INSERT INTO movie_actors (actor_id, movie_id, created_at, updated_at) VALUES (60,17,'2021-03-13 07:01:10','2021-03-13 07:01:10');
INSERT INTO movie_actors (actor_id, movie_id, created_at, updated_at) VALUES (61,17,'2021-03-13 07:01:10','2021-03-13 07:01:10');
INSERT INTO movie_actors (actor_id, movie_id, created_at, updated_at) VALUES (62,17,'2021-03-13 07:01:10','2021-03-13 07:01:10');
INSERT INTO movie_actors (actor_id, movie_id, created_at, updated_at) VALUES (63,17,'2021-03-13 07:01:10','2021-03-13 07:01:10');
INSERT INTO movie_actors (actor_id, movie_id, created_at, updated_at) VALUES (64,17,'2021-03-13 07:01:10','2021-03-13 07:01:10');
INSERT INTO movie_actors (actor_id, movie_id, created_at, updated_at) VALUES (65,17,'2021-03-13 07:01:10','2021-03-13 07:01:10');
INSERT INTO movie_actors (actor_id, movie_id, created_at, updated_at) VALUES (66,17,'2021-03-13 07:01:10','2021-03-13 07:01:10');
INSERT INTO movie_actors (actor_id, movie_id, created_at, updated_at) VALUES (67,17,'2021-03-13 07:01:10','2021-03-13 07:01:10');
INSERT INTO movie_actors (actor_id, movie_id, created_at, updated_at) VALUES (68,17,'2021-03-13 07:01:10','2021-03-13 07:01:10');
INSERT INTO movie_actors (actor_id, movie_id, created_at, updated_at) VALUES (58,18,'2021-03-13 07:01:10','2021-03-13 07:01:10');
INSERT INTO movie_actors (actor_id, movie_id, created_at, updated_at) VALUES (59,18,'2021-03-13 07:01:10','2021-03-13 07:01:10');
INSERT INTO movie_actors (actor_id, movie_id, created_at, updated_at) VALUES (60,18,'2021-03-13 07:01:10','2021-03-13 07:01:10');
INSERT INTO movie_actors (actor_id, movie_id, created_at, updated_at) VALUES (61,18,'2021-03-13 07:01:10','2021-03-13 07:01:10');
INSERT INTO movie_actors (actor_id, movie_id, created_at, updated_at) VALUES (62,18,'2021-03-13 07:01:10','2021-03-13 07:01:10');
INSERT INTO movie_actors (actor_id, movie_id, created_at, updated_at) VALUES (63,18,'2021-03-13 07:01:10','2021-03-13 07:01:10');
INSERT INTO movie_actors (actor_id, movie_id, created_at, updated_at) VALUES (65,18,'2021-03-13 07:01:10','2021-03-13 07:01:10');
INSERT INTO movie_actors (actor_id, movie_id, created_at, updated_at) VALUES (68,18,'2021-03-13 07:01:10','2021-03-13 07:01:10');
INSERT INTO movie_actors (actor_id, movie_id, created_at, updated_at) VALUES (58,19,'2021-03-13 07:01:10','2021-03-13 07:01:10');
INSERT INTO movie_actors (actor_id, movie_id, created_at, updated_at) VALUES (59,19,'2021-03-13 07:01:10','2021-03-13 07:01:10');
INSERT INTO movie_actors (actor_id, movie_id, created_at, updated_at) VALUES (60,19,'2021-03-13 07:01:10','2021-03-13 07:01:10');
INSERT INTO movie_actors (actor_id, movie_id, created_at, updated_at) VALUES (69,19,'2021-03-13 07:01:10','2021-03-13 07:01:10');
INSERT INTO movie_actors (actor_id, movie_id, created_at, updated_at) VALUES (65,19,'2021-03-13 07:01:10','2021-03-13 07:01:10');
INSERT INTO movie_actors (actor_id, movie_id, created_at, updated_at) VALUES (70,19,'2021-03-13 07:01:10','2021-03-13 07:01:10');
INSERT INTO movie_actors (actor_id, movie_id, created_at, updated_at) VALUES (66,19,'2021-03-13 07:01:10','2021-03-13 07:01:10');
INSERT INTO movie_actors (actor_id, movie_id, created_at, updated_at) VALUES (63,19,'2021-03-13 07:01:10','2021-03-13 07:01:10');
INSERT INTO movie_actors (actor_id, movie_id, created_at, updated_at) VALUES (62,19,'2021-03-13 07:01:10','2021-03-13 07:01:10');
INSERT INTO movie_actors (actor_id, movie_id, created_at, updated_at) VALUES (58,20,'2021-03-13 07:01:10','2021-03-13 07:01:10');
INSERT INTO movie_actors (actor_id, movie_id, created_at, updated_at) VALUES (59,20,'2021-03-13 07:01:10','2021-03-13 07:01:10');
INSERT INTO movie_actors (actor_id, movie_id, created_at, updated_at) VALUES (60,20,'2021-03-13 07:01:10','2021-03-13 07:01:10');
INSERT INTO movie_actors (actor_id, movie_id, created_at, updated_at) VALUES (68,20,'2021-03-13 07:01:10','2021-03-13 07:01:10');
INSERT INTO movie_actors (actor_id, movie_id, created_at, updated_at) VALUES (71,20,'2021-03-13 07:01:10','2021-03-13 07:01:10');
INSERT INTO movie_actors (actor_id, movie_id, created_at, updated_at) VALUES (72,20,'2021-03-13 07:01:10','2021-03-13 07:01:10');
INSERT INTO movie_actors (actor_id, movie_id, created_at, updated_at) VALUES (73,20,'2021-03-13 07:01:10','2021-03-13 07:01:10');
INSERT INTO movie_actors (actor_id, movie_id, created_at, updated_at) VALUES (74,20,'2021-03-13 07:01:10','2021-03-13 07:01:10');
INSERT INTO movie_actors (actor_id, movie_id, created_at, updated_at) VALUES (65,20,'2021-03-13 07:01:10','2021-03-13 07:01:10');
INSERT INTO movie_actors (actor_id, movie_id, created_at, updated_at) VALUES (58,21,'2021-03-13 07:01:10','2021-03-13 07:01:10');
INSERT INTO movie_actors (actor_id, movie_id, created_at, updated_at) VALUES (59,21,'2021-03-13 07:01:10','2021-03-13 07:01:10');
INSERT INTO movie_actors (actor_id, movie_id, created_at, updated_at) VALUES (60,21,'2021-03-13 07:01:10','2021-03-13 07:01:10');
INSERT INTO movie_actors (actor_id, movie_id, created_at, updated_at) VALUES (75,21,'2021-03-13 07:01:10','2021-03-13 07:01:10');
INSERT INTO movie_actors (actor_id, movie_id, created_at, updated_at) VALUES (65,21,'2021-03-13 07:01:10','2021-03-13 07:01:10');
INSERT INTO movie_actors (actor_id, movie_id, created_at, updated_at) VALUES (76,21,'2021-03-13 07:01:10','2021-03-13 07:01:10');
INSERT INTO movie_actors (actor_id, movie_id, created_at, updated_at) VALUES (77,21,'2021-03-13 07:01:10','2021-03-13 07:01:10');
INSERT INTO movie_actors (actor_id, movie_id, created_at, updated_at) VALUES (70,21,'2021-03-13 07:01:10','2021-03-13 07:01:10');
INSERT INTO movie_actors (actor_id, movie_id, created_at, updated_at) VALUES (66,21,'2021-03-13 07:01:10','2021-03-13 07:01:10');
INSERT INTO movie_actors (actor_id, movie_id, created_at, updated_at) VALUES (58,22,'2021-03-13 07:01:10','2021-03-13 07:01:10');
INSERT INTO movie_actors (actor_id, movie_id, created_at, updated_at) VALUES (59,22,'2021-03-13 07:01:10','2021-03-13 07:01:10');
INSERT INTO movie_actors (actor_id, movie_id, created_at, updated_at) VALUES (60,22,'2021-03-13 07:01:10','2021-03-13 07:01:10');
INSERT INTO movie_actors (actor_id, movie_id, created_at, updated_at) VALUES (75,22,'2021-03-13 07:01:10','2021-03-13 07:01:10');
INSERT INTO movie_actors (actor_id, movie_id, created_at, updated_at) VALUES (65,22,'2021-03-13 07:01:10','2021-03-13 07:01:10');
INSERT INTO movie_actors (actor_id, movie_id, created_at, updated_at) VALUES (70,22,'2021-03-13 07:01:10','2021-03-13 07:01:10');
INSERT INTO movie_actors (actor_id, movie_id, created_at, updated_at) VALUES (63,22,'2021-03-13 07:01:10','2021-03-13 07:01:10');
INSERT INTO movie_actors (actor_id, movie_id, created_at, updated_at) VALUES (62,22,'2021-03-13 07:01:10','2021-03-13 07:01:10');
INSERT INTO movie_actors (actor_id, movie_id, created_at, updated_at) VALUES (58,23,'2021-03-13 07:01:10','2021-03-13 07:01:10');
INSERT INTO movie_actors (actor_id, movie_id, created_at, updated_at) VALUES (59,23,'2021-03-13 07:01:10','2021-03-13 07:01:10');
INSERT INTO movie_actors (actor_id, movie_id, created_at, updated_at) VALUES (60,23,'2021-03-13 07:01:10','2021-03-13 07:01:10');
INSERT INTO movie_actors (actor_id, movie_id, created_at, updated_at) VALUES (75,23,'2021-03-13 07:01:10','2021-03-13 07:01:10');
INSERT INTO movie_actors (actor_id, movie_id, created_at, updated_at) VALUES (65,23,'2021-03-13 07:01:10','2021-03-13 07:01:10');
INSERT INTO movie_actors (actor_id, movie_id, created_at, updated_at) VALUES (68,23,'2021-03-13 07:01:10','2021-03-13 07:01:10');
INSERT INTO movie_actors (actor_id, movie_id, created_at, updated_at) VALUES (76,23,'2021-03-13 07:01:10','2021-03-13 07:01:10');
INSERT INTO movie_actors (actor_id, movie_id, created_at, updated_at) VALUES (77,23,'2021-03-13 07:01:10','2021-03-13 07:01:10');
INSERT INTO movie_actors (actor_id, movie_id, created_at, updated_at) VALUES (66,23,'2021-03-13 07:01:10','2021-03-13 07:01:10');
INSERT INTO movie_actors (actor_id, movie_id, created_at, updated_at) VALUES (58,24,'2021-03-13 07:01:10','2021-03-13 07:01:10');
INSERT INTO movie_actors (actor_id, movie_id, created_at, updated_at) VALUES (59,24,'2021-03-13 07:01:10','2021-03-13 07:01:10');
INSERT INTO movie_actors (actor_id, movie_id, created_at, updated_at) VALUES (60,24,'2021-03-13 07:01:10','2021-03-13 07:01:10');
INSERT INTO movie_actors (actor_id, movie_id, created_at, updated_at) VALUES (75,24,'2021-03-13 07:01:10','2021-03-13 07:01:10');
INSERT INTO movie_actors (actor_id, movie_id, created_at, updated_at) VALUES (65,24,'2021-03-13 07:01:10','2021-03-13 07:01:10');
INSERT INTO movie_actors (actor_id, movie_id, created_at, updated_at) VALUES (76,24,'2021-03-13 07:01:10','2021-03-13 07:01:10');
INSERT INTO movie_actors (actor_id, movie_id, created_at, updated_at) VALUES (70,24,'2021-03-13 07:01:10','2021-03-13 07:01:10');
INSERT INTO movie_actors (actor_id, movie_id, created_at, updated_at) VALUES (75,33,'2021-03-28 09:30:36','2021-03-29 04:45:57');
INSERT INTO movie_actors (actor_id, movie_id, created_at, updated_at) VALUES (75,33,'2021-03-28 09:30:36','2021-03-29 04:45:57');
INSERT INTO movie_actors (actor_id, movie_id, created_at, updated_at) VALUES (75,33,'2021-03-28 09:30:36','2021-03-29 04:45:57');
INSERT INTO movie_actors (actor_id, movie_id, created_at, updated_at) VALUES (75,33,'2021-03-28 09:30:36','2021-03-29 04:45:57');
INSERT INTO movie_actors (actor_id, movie_id, created_at, updated_at) VALUES (75,33,'2021-03-28 09:30:36','2021-03-29 04:45:57');
INSERT INTO movie_actors (actor_id, movie_id, created_at, updated_at) VALUES (75,33,'2021-03-28 09:30:36','2021-03-29 04:45:57');
INSERT INTO movie_actors (actor_id, movie_id, created_at, updated_at) VALUES (75,33,'2021-03-28 09:30:36','2021-03-29 04:45:57');
INSERT INTO movie_actors (actor_id, movie_id, created_at, updated_at) VALUES (75,33,'2021-03-28 09:30:36','2021-03-29 04:45:57');
INSERT INTO movie_actors (actor_id, movie_id, created_at, updated_at) VALUES (75,33,'2021-03-28 09:30:36','2021-03-29 04:45:57');
INSERT INTO movie_actors (actor_id, movie_id, created_at, updated_at) VALUES (78,33,'2021-03-29 05:10:18','2021-03-29 05:10:18');
INSERT INTO movie_actors (actor_id, movie_id, created_at, updated_at) VALUES (79,33,'2021-03-29 05:10:18','2021-03-29 05:10:18');
INSERT INTO movie_actors (actor_id, movie_id, created_at, updated_at) VALUES (80,33,'2021-03-29 05:10:18','2021-03-29 05:10:18');
INSERT INTO movie_actors (actor_id, movie_id, created_at, updated_at) VALUES (81,33,'2021-03-29 05:10:18','2021-03-29 05:10:18');
INSERT INTO movie_actors (actor_id, movie_id, created_at, updated_at) VALUES (82,33,'2021-03-29 05:10:18','2021-03-29 05:10:18');
INSERT INTO movie_actors (actor_id, movie_id, created_at, updated_at) VALUES (83,33,'2021-03-29 05:10:18','2021-03-29 05:10:18');
INSERT INTO movie_actors (actor_id, movie_id, created_at, updated_at) VALUES (84,33,'2021-03-29 05:10:18','2021-03-29 05:10:18');
INSERT INTO movie_actors (actor_id, movie_id, created_at, updated_at) VALUES (85,33,'2021-03-29 05:10:18','2021-03-29 05:10:18');
INSERT INTO movie_actors (actor_id, movie_id, created_at, updated_at) VALUES (86,33,'2021-03-29 05:10:18','2021-03-29 05:10:18');
INSERT INTO movie_actors (actor_id, movie_id, created_at, updated_at) VALUES (80,34,'2021-03-29 11:19:35','2021-03-29 11:19:35');
INSERT INTO movie_actors (actor_id, movie_id, created_at, updated_at) VALUES (88,34,'2021-03-29 11:20:42','2021-03-29 11:20:42');
INSERT INTO movie_actors (actor_id, movie_id, created_at, updated_at) VALUES (89,34,'2021-03-29 11:20:42','2021-03-29 11:20:42');
INSERT INTO movie_actors (actor_id, movie_id, created_at, updated_at) VALUES (90,34,'2021-03-29 11:20:42','2021-03-29 11:20:42');
INSERT INTO movie_actors (actor_id, movie_id, created_at, updated_at) VALUES (91,34,'2021-03-29 11:20:42','2021-03-29 11:20:42');
INSERT INTO movie_actors (actor_id, movie_id, created_at, updated_at) VALUES (92,34,'2021-03-29 11:20:42','2021-03-29 11:20:42');
INSERT INTO movie_actors (actor_id, movie_id, created_at, updated_at) VALUES (93,34,'2021-03-29 11:20:42','2021-03-29 11:20:42');
INSERT INTO movie_actors (actor_id, movie_id, created_at, updated_at) VALUES (94,34,'2021-03-29 11:20:42','2021-03-29 11:20:42');
INSERT INTO movie_actors (actor_id, movie_id, created_at, updated_at) VALUES (95,29,'2021-03-30 05:16:14','2021-03-30 05:16:14');
INSERT INTO movie_actors (actor_id, movie_id, created_at, updated_at) VALUES (96,29,'2021-03-30 05:16:14','2021-03-30 05:16:14');
INSERT INTO movie_actors (actor_id, movie_id, created_at, updated_at) VALUES (97,29,'2021-03-30 05:16:14','2021-03-30 05:16:14');
INSERT INTO movie_actors (actor_id, movie_id, created_at, updated_at) VALUES (98,29,'2021-03-30 05:16:14','2021-03-30 05:16:14');
INSERT INTO movie_actors (actor_id, movie_id, created_at, updated_at) VALUES (99,29,'2021-03-30 05:16:14','2021-03-30 05:16:14');
INSERT INTO movie_actors (actor_id, movie_id, created_at, updated_at) VALUES (100,29,'2021-03-30 05:16:14','2021-03-30 05:16:14');
INSERT INTO movie_actors (actor_id, movie_id, created_at, updated_at) VALUES (101,29,'2021-03-30 05:16:14','2021-03-30 05:16:14');
INSERT INTO movie_actors (actor_id, movie_id, created_at, updated_at) VALUES (102,30,'2021-03-30 08:03:30','2021-03-30 08:03:30');
INSERT INTO movie_actors (actor_id, movie_id, created_at, updated_at) VALUES (103,30,'2021-03-30 08:03:30','2021-03-30 08:03:30');
INSERT INTO movie_actors (actor_id, movie_id, created_at, updated_at) VALUES (104,30,'2021-03-30 08:03:30','2021-03-30 08:03:30');
INSERT INTO movie_actors (actor_id, movie_id, created_at, updated_at) VALUES (105,30,'2021-03-30 08:03:30','2021-03-30 08:03:30');
INSERT INTO movie_actors (actor_id, movie_id, created_at, updated_at) VALUES (106,30,'2021-03-30 08:03:30','2021-03-30 08:03:30');
INSERT INTO movie_actors (actor_id, movie_id, created_at, updated_at) VALUES (107,30,'2021-03-30 08:03:30','2021-03-30 08:03:30');
INSERT INTO movie_actors (actor_id, movie_id, created_at, updated_at) VALUES (108,30,'2021-03-30 08:03:30','2021-03-30 08:03:30');
INSERT INTO movie_actors (actor_id, movie_id, created_at, updated_at) VALUES (109,30,'2021-03-30 08:03:30','2021-03-30 08:03:30');
INSERT INTO movie_actors (actor_id, movie_id, created_at, updated_at) VALUES (110,31,'2021-03-30 08:08:24','2021-03-30 08:08:24');
INSERT INTO movie_actors (actor_id, movie_id, created_at, updated_at) VALUES (111,31,'2021-03-30 08:08:24','2021-03-30 08:08:24');
INSERT INTO movie_actors (actor_id, movie_id, created_at, updated_at) VALUES (112,31,'2021-03-30 08:08:24','2021-03-30 08:08:24');
INSERT INTO movie_actors (actor_id, movie_id, created_at, updated_at) VALUES (113,31,'2021-03-30 08:08:24','2021-03-30 08:08:24');
INSERT INTO movie_actors (actor_id, movie_id, created_at, updated_at) VALUES (114,31,'2021-03-30 08:08:24','2021-03-30 08:08:24');
INSERT INTO movie_actors (actor_id, movie_id, created_at, updated_at) VALUES (115,31,'2021-03-30 08:08:24','2021-03-30 08:08:24');
INSERT INTO movie_actors (actor_id, movie_id, created_at, updated_at) VALUES (116,31,'2021-03-30 08:08:24','2021-03-30 08:08:24');
INSERT INTO movie_actors (actor_id, movie_id, created_at, updated_at) VALUES (117,38,'2021-03-30 09:01:56','2021-03-30 09:01:56');
INSERT INTO movie_actors (actor_id, movie_id, created_at, updated_at) VALUES (118,38,'2021-03-30 09:01:56','2021-03-30 09:01:56');
INSERT INTO movie_actors (actor_id, movie_id, created_at, updated_at) VALUES (119,38,'2021-03-30 09:01:56','2021-03-30 09:01:56');
INSERT INTO movie_actors (actor_id, movie_id, created_at, updated_at) VALUES (120,38,'2021-03-30 09:01:56','2021-03-30 09:01:56');
INSERT INTO movie_actors (actor_id, movie_id, created_at, updated_at) VALUES (121,38,'2021-03-30 09:01:56','2021-03-30 09:01:56');
INSERT INTO movie_actors (actor_id, movie_id, created_at, updated_at) VALUES (122,40,'2021-03-30 10:12:09','2021-03-30 10:12:09');
INSERT INTO movie_actors (actor_id, movie_id, created_at, updated_at) VALUES (123,40,'2021-03-30 10:12:09','2021-03-30 10:12:09');
INSERT INTO movie_actors (actor_id, movie_id, created_at, updated_at) VALUES (124,40,'2021-03-30 10:12:09','2021-03-30 10:12:09');
INSERT INTO movie_actors (actor_id, movie_id, created_at, updated_at) VALUES (125,40,'2021-03-30 10:12:09','2021-03-30 10:12:09');
INSERT INTO movie_actors (actor_id, movie_id, created_at, updated_at) VALUES (126,40,'2021-03-30 10:12:09','2021-03-30 10:12:09');
INSERT INTO movie_actors (actor_id, movie_id, created_at, updated_at) VALUES (127,40,'2021-03-30 10:12:09','2021-03-30 10:12:09');
INSERT INTO movie_actors (actor_id, movie_id, created_at, updated_at) VALUES (89,41,'2021-03-30 10:22:54','2021-03-30 10:22:54');
INSERT INTO movie_actors (actor_id, movie_id, created_at, updated_at) VALUES (128,41,'2021-03-30 10:22:54','2021-03-30 10:22:54');
INSERT INTO movie_actors (actor_id, movie_id, created_at, updated_at) VALUES (129,41,'2021-03-30 10:22:54','2021-03-30 10:22:54');
INSERT INTO movie_actors (actor_id, movie_id, created_at, updated_at) VALUES (130,41,'2021-03-30 10:22:54','2021-03-30 10:22:54');
INSERT INTO movie_actors (actor_id, movie_id, created_at, updated_at) VALUES (131,41,'2021-03-30 10:22:54','2021-03-30 10:22:54');
INSERT INTO movie_actors (actor_id, movie_id, created_at, updated_at) VALUES (132,41,'2021-03-30 10:22:54','2021-03-30 10:22:54');
INSERT INTO movie_actors (actor_id, movie_id, created_at, updated_at) VALUES (133,41,'2021-03-30 10:22:54','2021-03-30 10:22:54');
INSERT INTO movie_actors (actor_id, movie_id, created_at, updated_at) VALUES (30,44,'2021-04-02 09:20:39','2021-04-02 09:20:39');
INSERT INTO movie_actors (actor_id, movie_id, created_at, updated_at) VALUES (31,44,'2021-04-02 09:20:39','2021-04-02 09:20:39');
INSERT INTO movie_actors (actor_id, movie_id, created_at, updated_at) VALUES (134,44,'2021-04-02 09:20:39','2021-04-02 09:20:39');
INSERT INTO movie_actors (actor_id, movie_id, created_at, updated_at) VALUES (135,44,'2021-04-02 09:20:39','2021-04-02 09:20:39');
INSERT INTO movie_actors (actor_id, movie_id, created_at, updated_at) VALUES (136,44,'2021-04-02 09:20:39','2021-04-02 09:20:39');
INSERT INTO movie_actors (actor_id, movie_id, created_at, updated_at) VALUES (138,44,'2021-04-02 09:20:39','2021-04-02 09:20:39');
INSERT INTO movie_actors (actor_id, movie_id, created_at, updated_at) VALUES (23,43,'2021-04-02 09:22:01','2021-04-02 09:22:01');
INSERT INTO movie_actors (actor_id, movie_id, created_at, updated_at) VALUES (30,43,'2021-04-02 09:22:01','2021-04-02 09:22:01');
INSERT INTO movie_actors (actor_id, movie_id, created_at, updated_at) VALUES (31,43,'2021-04-02 09:22:01','2021-04-02 09:22:01');
INSERT INTO movie_actors (actor_id, movie_id, created_at, updated_at) VALUES (134,43,'2021-04-02 09:22:01','2021-04-02 09:22:01');
INSERT INTO movie_actors (actor_id, movie_id, created_at, updated_at) VALUES (135,43,'2021-04-02 09:22:01','2021-04-02 09:22:01');
INSERT INTO movie_actors (actor_id, movie_id, created_at, updated_at) VALUES (136,43,'2021-04-02 09:22:01','2021-04-02 09:22:01');
INSERT INTO movie_actors (actor_id, movie_id, created_at, updated_at) VALUES (137,43,'2021-04-02 09:22:01','2021-04-02 09:22:01');
INSERT INTO movie_actors (actor_id, movie_id, created_at, updated_at) VALUES (138,43,'2021-04-02 09:22:01','2021-04-02 09:22:01');
INSERT INTO movie_actors (actor_id, movie_id, created_at, updated_at) VALUES (141,44,'2021-04-02 09:24:48','2021-04-02 09:24:48');

/*!40000 ALTER TABLE movie_actors ENABLE KEYS */;

--
-- Dumping data for table "movie_directors"
--

/*!40000 ALTER TABLE movie_directors DISABLE KEYS */;
INSERT INTO movie_directors (movie_id, director_id, created_at, updated_at) VALUES (1,1,'2021-03-13 07:01:10','2021-03-13 07:01:10');
INSERT INTO movie_directors (movie_id, director_id, created_at, updated_at) VALUES (2,1,'2021-03-13 07:01:10','2021-03-13 07:01:10');
INSERT INTO movie_directors (movie_id, director_id, created_at, updated_at) VALUES (3,1,'2021-03-13 07:01:10','2021-03-13 07:01:10');
INSERT INTO movie_directors (movie_id, director_id, created_at, updated_at) VALUES (4,2,'2021-03-13 07:01:10','2021-03-13 07:01:10');
INSERT INTO movie_directors (movie_id, director_id, created_at, updated_at) VALUES (5,2,'2021-03-13 07:01:10','2021-03-13 07:01:10');
INSERT INTO movie_directors (movie_id, director_id, created_at, updated_at) VALUES (6,3,'2021-03-13 07:01:10','2021-03-13 07:01:10');
INSERT INTO movie_directors (movie_id, director_id, created_at, updated_at) VALUES (7,3,'2021-03-13 07:01:10','2021-03-13 07:01:10');
INSERT INTO movie_directors (movie_id, director_id, created_at, updated_at) VALUES (8,4,'2021-03-13 07:01:10','2021-03-13 07:01:10');
INSERT INTO movie_directors (movie_id, director_id, created_at, updated_at) VALUES (9,4,'2021-03-13 07:01:10','2021-03-13 07:01:10');
INSERT INTO movie_directors (movie_id, director_id, created_at, updated_at) VALUES (10,4,'2021-03-13 07:01:10','2021-03-13 07:01:10');
INSERT INTO movie_directors (movie_id, director_id, created_at, updated_at) VALUES (11,4,'2021-03-13 07:01:10','2021-03-13 07:01:10');
INSERT INTO movie_directors (movie_id, director_id, created_at, updated_at) VALUES (12,5,'2021-03-13 07:01:10','2021-03-13 07:01:10');
INSERT INTO movie_directors (movie_id, director_id, created_at, updated_at) VALUES (13,6,'2021-03-13 07:01:10','2021-03-13 07:01:10');
INSERT INTO movie_directors (movie_id, director_id, created_at, updated_at) VALUES (14,7,'2021-03-13 07:01:10','2021-03-13 07:01:10');
INSERT INTO movie_directors (movie_id, director_id, created_at, updated_at) VALUES (15,8,'2021-03-13 07:01:10','2021-03-13 07:01:10');
INSERT INTO movie_directors (movie_id, director_id, created_at, updated_at) VALUES (16,7,'2021-03-13 07:01:10','2021-03-13 07:01:10');
INSERT INTO movie_directors (movie_id, director_id, created_at, updated_at) VALUES (17,9,'2021-03-13 07:01:10','2021-03-13 07:01:10');
INSERT INTO movie_directors (movie_id, director_id, created_at, updated_at) VALUES (18,9,'2021-03-13 07:01:10','2021-03-13 07:01:10');
INSERT INTO movie_directors (movie_id, director_id, created_at, updated_at) VALUES (19,10,'2021-03-13 07:01:10','2021-03-13 07:01:10');
INSERT INTO movie_directors (movie_id, director_id, created_at, updated_at) VALUES (20,11,'2021-03-13 07:01:10','2021-03-13 07:01:10');
INSERT INTO movie_directors (movie_id, director_id, created_at, updated_at) VALUES (21,12,'2021-03-13 07:01:10','2021-03-13 07:01:10');
INSERT INTO movie_directors (movie_id, director_id, created_at, updated_at) VALUES (22,12,'2021-03-13 07:01:10','2021-03-13 07:01:10');
INSERT INTO movie_directors (movie_id, director_id, created_at, updated_at) VALUES (23,12,'2021-03-13 07:01:10','2021-03-13 07:01:10');
INSERT INTO movie_directors (movie_id, director_id, created_at, updated_at) VALUES (24,12,'2021-03-13 07:01:10','2021-03-13 07:01:10');
INSERT INTO movie_directors (movie_id, director_id, created_at, updated_at) VALUES (25,15,'2021-03-20 08:41:35','2021-03-20 08:41:35');
INSERT INTO movie_directors (movie_id, director_id, created_at, updated_at) VALUES (33,15,'2021-03-28 05:10:16','2021-03-28 07:18:35');
INSERT INTO movie_directors (movie_id, director_id, created_at, updated_at) VALUES (29,18,'2021-03-29 04:35:18','2021-03-29 04:35:18');
INSERT INTO movie_directors (movie_id, director_id, created_at, updated_at) VALUES (34,19,'2021-03-29 04:52:30','2021-03-29 04:52:30');
INSERT INTO movie_directors (movie_id, director_id, created_at, updated_at) VALUES (35,20,'2021-03-29 06:59:57','2021-03-29 06:59:57');
INSERT INTO movie_directors (movie_id, director_id, created_at, updated_at) VALUES (30,21,'2021-03-30 08:01:20','2021-03-30 08:01:20');
INSERT INTO movie_directors (movie_id, director_id, created_at, updated_at) VALUES (31,22,'2021-03-30 08:06:09','2021-03-30 08:06:09');
INSERT INTO movie_directors (movie_id, director_id, created_at, updated_at) VALUES (32,23,'2021-03-30 08:11:23','2021-03-30 08:11:23');
INSERT INTO movie_directors (movie_id, director_id, created_at, updated_at) VALUES (36,24,'2021-03-30 08:17:43','2021-03-30 08:17:43');
INSERT INTO movie_directors (movie_id, director_id, created_at, updated_at) VALUES (38,25,'2021-03-30 08:38:48','2021-03-30 08:38:48');
INSERT INTO movie_directors (movie_id, director_id, created_at, updated_at) VALUES (39,26,'2021-03-30 08:57:45','2021-03-30 08:57:45');
INSERT INTO movie_directors (movie_id, director_id, created_at, updated_at) VALUES (40,28,'2021-03-30 09:45:17','2021-03-30 09:45:17');
INSERT INTO movie_directors (movie_id, director_id, created_at, updated_at) VALUES (40,1,'2021-03-30 09:46:45','2021-03-30 09:46:45');
INSERT INTO movie_directors (movie_id, director_id, created_at, updated_at) VALUES (41,29,'2021-03-30 10:21:04','2021-03-30 10:21:04');
INSERT INTO movie_directors (movie_id, director_id, created_at, updated_at) VALUES (43,30,'2021-04-02 09:09:19','2021-04-02 09:10:28');
INSERT INTO movie_directors (movie_id, director_id, created_at, updated_at) VALUES (44,30,'2021-04-02 09:15:57','2021-04-02 09:15:57');
/*!40000 ALTER TABLE movie_directors ENABLE KEYS */;

--
-- Dumping data for table "movie_junles"
--

/*!40000 ALTER TABLE movie_junles DISABLE KEYS */;
INSERT INTO movie_junles (movie_id, junle_id, created_at, updated_at) VALUES (1,1,'2021-03-13 07:01:10','2021-03-13 07:01:10');
INSERT INTO movie_junles (movie_id, junle_id, created_at, updated_at) VALUES (2,1,'2021-03-13 07:01:10','2021-03-13 07:01:10');
INSERT INTO movie_junles (movie_id, junle_id, created_at, updated_at) VALUES (3,1,'2021-03-13 07:01:10','2021-03-13 07:01:10');
INSERT INTO movie_junles (movie_id, junle_id, created_at, updated_at) VALUES (4,1,'2021-03-13 07:01:10','2021-03-13 07:01:10');
INSERT INTO movie_junles (movie_id, junle_id, created_at, updated_at) VALUES (5,1,'2021-03-13 07:01:10','2021-03-13 07:01:10');
INSERT INTO movie_junles (movie_id, junle_id, created_at, updated_at) VALUES (6,1,'2021-03-13 07:01:10','2021-03-13 07:01:10');
INSERT INTO movie_junles (movie_id, junle_id, created_at, updated_at) VALUES (7,19,'2021-03-13 07:01:10','2021-03-23 12:31:07');
INSERT INTO movie_junles (movie_id, junle_id, created_at, updated_at) VALUES (8,5,'2021-03-13 07:01:10','2021-03-13 07:01:10');
INSERT INTO movie_junles (movie_id, junle_id, created_at, updated_at) VALUES (9,5,'2021-03-13 07:01:10','2021-03-13 07:01:10');
INSERT INTO movie_junles (movie_id, junle_id, created_at, updated_at) VALUES (10,5,'2021-03-13 07:01:10','2021-03-13 07:01:10');
INSERT INTO movie_junles (movie_id, junle_id, created_at, updated_at) VALUES (11,5,'2021-03-13 07:01:10','2021-03-13 07:01:10');
INSERT INTO movie_junles (movie_id, junle_id, created_at, updated_at) VALUES (12,5,'2021-03-13 07:01:10','2021-03-13 07:01:10');
INSERT INTO movie_junles (movie_id, junle_id, created_at, updated_at) VALUES (13,5,'2021-03-13 07:01:10','2021-03-13 07:01:10');
INSERT INTO movie_junles (movie_id, junle_id, created_at, updated_at) VALUES (14,5,'2021-03-13 07:01:11','2021-03-13 07:01:11');
INSERT INTO movie_junles (movie_id, junle_id, created_at, updated_at) VALUES (15,5,'2021-03-13 07:01:11','2021-03-13 07:01:11');
INSERT INTO movie_junles (movie_id, junle_id, created_at, updated_at) VALUES (16,1,'2021-03-13 07:01:11','2021-03-23 12:30:04');
INSERT INTO movie_junles (movie_id, junle_id, created_at, updated_at) VALUES (17,11,'2021-03-13 07:01:11','2021-03-13 07:01:11');
INSERT INTO movie_junles (movie_id, junle_id, created_at, updated_at) VALUES (18,11,'2021-03-13 07:01:11','2021-03-13 07:01:11');
INSERT INTO movie_junles (movie_id, junle_id, created_at, updated_at) VALUES (19,11,'2021-03-13 07:01:11','2021-03-13 07:01:11');
INSERT INTO movie_junles (movie_id, junle_id, created_at, updated_at) VALUES (20,11,'2021-03-13 07:01:11','2021-03-13 07:01:11');
INSERT INTO movie_junles (movie_id, junle_id, created_at, updated_at) VALUES (21,11,'2021-03-13 07:01:11','2021-03-13 07:01:11');
INSERT INTO movie_junles (movie_id, junle_id, created_at, updated_at) VALUES (22,11,'2021-03-13 07:01:11','2021-03-13 07:01:11');
INSERT INTO movie_junles (movie_id, junle_id, created_at, updated_at) VALUES (23,11,'2021-03-13 07:01:11','2021-03-13 07:01:11');
INSERT INTO movie_junles (movie_id, junle_id, created_at, updated_at) VALUES (24,11,'2021-03-13 07:01:11','2021-03-13 07:01:11');
INSERT INTO movie_junles (movie_id, junle_id, created_at, updated_at) VALUES (25,1,'2021-03-20 08:39:33','2021-03-20 08:39:33');
INSERT INTO movie_junles (movie_id, junle_id, created_at, updated_at) VALUES (33,19,'2021-03-28 05:10:16','2021-03-28 05:10:16');
INSERT INTO movie_junles (movie_id, junle_id, created_at, updated_at) VALUES (29,19,'2021-03-29 04:33:10','2021-03-29 04:33:10');
INSERT INTO movie_junles (movie_id, junle_id, created_at, updated_at) VALUES (34,3,'2021-03-29 04:52:30','2021-03-29 04:52:30');
INSERT INTO movie_junles (movie_id, junle_id, created_at, updated_at) VALUES (35,20,'2021-03-29 06:59:57','2021-03-29 06:59:57');
INSERT INTO movie_junles (movie_id, junle_id, created_at, updated_at) VALUES (30,19,'2021-03-30 08:01:20','2021-03-30 08:01:20');
INSERT INTO movie_junles (movie_id, junle_id, created_at, updated_at) VALUES (31,1,'2021-03-30 08:06:09','2021-03-30 08:06:09');
INSERT INTO movie_junles (movie_id, junle_id, created_at, updated_at) VALUES (32,1,'2021-03-30 08:11:23','2021-03-30 08:11:23');
INSERT INTO movie_junles (movie_id, junle_id, created_at, updated_at) VALUES (36,20,'2021-03-30 08:17:43','2021-03-30 08:17:43');
INSERT INTO movie_junles (movie_id, junle_id, created_at, updated_at) VALUES (38,19,'2021-03-30 08:38:48','2021-03-30 08:38:48');
INSERT INTO movie_junles (movie_id, junle_id, created_at, updated_at) VALUES (39,19,'2021-03-30 08:57:45','2021-03-30 08:57:45');
INSERT INTO movie_junles (movie_id, junle_id, created_at, updated_at) VALUES (40,19,'2021-03-30 09:45:17','2021-03-30 09:45:17');
INSERT INTO movie_junles (movie_id, junle_id, created_at, updated_at) VALUES (40,3,'2021-03-30 09:46:45','2021-03-30 09:46:45');
INSERT INTO movie_junles (movie_id, junle_id, created_at, updated_at) VALUES (43,1,'2021-04-02 09:09:19','2021-04-02 09:09:19');
INSERT INTO movie_junles (movie_id, junle_id, created_at, updated_at) VALUES (44,1,'2021-04-02 09:15:57','2021-04-02 09:15:57');

/*!40000 ALTER TABLE movie_junles ENABLE KEYS */;
/*!40103 SET TIME_ZONE=@OLD_TIME_ZONE */;

/*!40101 SET SQL_MODE=@OLD_SQL_MODE */;
/*!40014 SET FOREIGN_KEY_CHECKS=@OLD_FOREIGN_KEY_CHECKS */;
/*!40014 SET UNIQUE_CHECKS=@OLD_UNIQUE_CHECKS */;
/*!40111 SET SQL_NOTES=@OLD_SQL_NOTES */;

-- Dump completed on 2021-03-30 11:41:05
